cusip,asset_id,security,request_group,structure,mv_musd,already_paid_off,why_we_need_it
31282YDW6,TNTD03146418,31282YDW6 Mtge,tranche-unpriced,io-strip,0.28,no,cash flows need the deal waterfall; the factor path replaces it
31282YWS4,TNTD03183836,31282YWS4 Mtge,tranche-unpriced,io-strip,0.14,yes,cash flows need the deal waterfall; the factor path replaces it
313399AJ6,TNTD03126612,313399AJ6 Mtge,tranche-unpriced,remic-tranche,0.80,yes,cash flows need the deal waterfall; the factor path replaces it
313399C47,TNTD03126484,313399C47 Mtge,tranche-unpriced,remic-tranche,3.03,no,cash flows need the deal waterfall; the factor path replaces it
313399HV2,TNTD03126496,313399HV2 Mtge,tranche-unpriced,remic-tranche,1.53,no,cash flows need the deal waterfall; the factor path replaces it
313399SN8,TNTD03121707,313399SN8 Mtge,tranche-unpriced,remic-tranche,0.29,no,cash flows need the deal waterfall; the factor path replaces it
313399XK8,TNTD03121072,313399XK8 Mtge,tranche-unpriced,remic-tranche,0.55,yes,cash flows need the deal waterfall; the factor path replaces it
31339DQX9,TNTD03140190,31339DQX9 Mtge,tranche-unpriced,remic-tranche,6.45,yes,cash flows need the deal waterfall; the factor path replaces it
31339DW95,TNTD03131741,31339DW95 Mtge,tranche-unpriced,remic-tranche,0.54,no,cash flows need the deal waterfall; the factor path replaces it
31339LWR7,TNTD03129251,31339LWR7 Mtge,tranche-unpriced,remic-tranche,1.30,yes,cash flows need the deal waterfall; the factor path replaces it
31339MTG3,TNTD03131349,31339MTG3 Mtge,tranche-unpriced,remic-tranche,3.88,no,cash flows need the deal waterfall; the factor path replaces it
31339NHX7,TNTD03127839,31339NHX7 Mtge,tranche-unpriced,remic-tranche,0.50,no,cash flows need the deal waterfall; the factor path replaces it
31339NLX2,TNTD03102738,31339NLX2 Mtge,tranche-unpriced,remic-tranche,2.79,no,cash flows need the deal waterfall; the factor path replaces it
31339NTA4,TNTD03132244,31339NTA4 Mtge,tranche-unpriced,remic-tranche,0.38,yes,cash flows need the deal waterfall; the factor path replaces it
31339NVN3,TNTD03128201,31339NVN3 Mtge,tranche-unpriced,remic-tranche,3.91,yes,cash flows need the deal waterfall; the factor path replaces it
31339NW36,TNTD03131517,31339NW36 Mtge,tranche-unpriced,remic-tranche,7.53,no,cash flows need the deal waterfall; the factor path replaces it
3133T1W81,TNTD03100472,3133T1W81 Mtge,tranche-unpriced,remic-tranche,2.69,no,cash flows need the deal waterfall; the factor path replaces it
3133T5MR1,TNTD03102822,3133T5MR1 Mtge,tranche-unpriced,remic-tranche,0.18,yes,cash flows need the deal waterfall; the factor path replaces it
3133TGCG2,TNTD03136467,3133TGCG2 Mtge,tranche-unpriced,remic-tranche,0.96,no,cash flows need the deal waterfall; the factor path replaces it
3133TPUR8,TNTD03132672,3133TPUR8 Mtge,tranche-unpriced,remic-tranche,0.28,no,cash flows need the deal waterfall; the factor path replaces it
3133TQ5B9,TNTD03130776,3133TQ5B9 Mtge,tranche-unpriced,remic-tranche,0.18,no,cash flows need the deal waterfall; the factor path replaces it
3133TSNX7,TNTD03192101,3133TSNX7 Mtge,tranche-unpriced,remic-tranche,1.53,yes,cash flows need the deal waterfall; the factor path replaces it
3133TVET9,TNTD03136334,3133TVET9 Mtge,tranche-unpriced,remic-tranche,0.55,yes,cash flows need the deal waterfall; the factor path replaces it
31358TWE5,TNTD03357960,31358TWE5 Mtge,tranche-unpriced,remic-tranche,0.33,yes,cash flows need the deal waterfall; the factor path replaces it
31359E4Z1,TNTD03364590,31359E4Z1 Mtge,tranche-unpriced,remic-tranche,0.18,yes,cash flows need the deal waterfall; the factor path replaces it
31359EC74,TNTD03365244,31359EC74 Mtge,tranche-unpriced,po-strip,0.16,yes,cash flows need the deal waterfall; the factor path replaces it
31359G5C6,TNTD03364001,31359G5C6 Mtge,tranche-unpriced,remic-tranche,2.04,yes,cash flows need the deal waterfall; the factor path replaces it
31359T5E4,TNTD03371590,31359T5E4 Mtge,tranche-unpriced,remic-tranche,0.49,no,cash flows need the deal waterfall; the factor path replaces it
31359XHE2,TNTD03350708,31359XHE2 Mtge,tranche-unpriced,remic-tranche,0.26,yes,cash flows need the deal waterfall; the factor path replaces it
313602S21,TNTD03370690,313602S21 Mtge,tranche-unpriced,remic-tranche,0.65,yes,cash flows need the deal waterfall; the factor path replaces it
31364HUJ4,TNTD04246664,31364HUJ4 Mtge,tranche-unpriced,io-strip,0.21,yes,cash flows need the deal waterfall; the factor path replaces it
3136FA2L3,TNTD03432868,3136FA2L3 Mtge,tranche-unpriced,io-strip,0.13,no,cash flows need the deal waterfall; the factor path replaces it
3136FAWE6,TNTD03361907,3136FAWE6 Mtge,tranche-unpriced,po-strip,0.33,no,cash flows need the deal waterfall; the factor path replaces it
3136FCG91,TNTD03428143,3136FCG91 Mtge,tranche-unpriced,io-strip,0.09,yes,cash flows need the deal waterfall; the factor path replaces it
3136FCZH2,TNTD03430887,3136FCZH2 Mtge,tranche-unpriced,io-strip,0.22,no,cash flows need the deal waterfall; the factor path replaces it
3136FGCE5,TNTD03200736,3136FGCE5 Mtge,tranche-unpriced,io-strip,0.14,no,cash flows need the deal waterfall; the factor path replaces it
313920QL7,TNTD03430910,313920QL7 Mtge,tranche-unpriced,po-strip,0.54,no,cash flows need the deal waterfall; the factor path replaces it
31392A4V7,TNTD03351307,31392A4V7 Mtge,tranche-unpriced,remic-tranche,0.58,yes,cash flows need the deal waterfall; the factor path replaces it
31392B4F0,TNTD03356451,31392B4F0 Mtge,tranche-unpriced,remic-tranche,0.64,yes,cash flows need the deal waterfall; the factor path replaces it
31392B4N3,TNTD03358015,31392B4N3 Mtge,tranche-unpriced,remic-tranche,0.81,yes,cash flows need the deal waterfall; the factor path replaces it
31392D2A9,TNTD03362725,31392D2A9 Mtge,tranche-unpriced,remic-tranche,0.05,no,cash flows need the deal waterfall; the factor path replaces it
31392EPW4,TNTD03358787,31392EPW4 Mtge,tranche-unpriced,remic-tranche,2.86,yes,cash flows need the deal waterfall; the factor path replaces it
31392FPZ4,TNTD03362847,31392FPZ4 Mtge,tranche-unpriced,remic-tranche,0.82,no,cash flows need the deal waterfall; the factor path replaces it
31392HH22,TNTD03365399,31392HH22 Mtge,tranche-unpriced,io-strip,0.03,yes,cash flows need the deal waterfall; the factor path replaces it
31392MLE0,TNTD03131348,31392MLE0 Mtge,tranche-unpriced,remic-tranche,3.06,no,cash flows need the deal waterfall; the factor path replaces it
31392MN99,TNTD03131436,31392MN99 Mtge,tranche-unpriced,remic-tranche,3.92,no,cash flows need the deal waterfall; the factor path replaces it
31392MQP0,TNTD03120451,31392MQP0 Mtge,tranche-unpriced,remic-tranche,0.65,no,cash flows need the deal waterfall; the factor path replaces it
31392P4S1,TNTD03120827,31392P4S1 Mtge,tranche-unpriced,remic-tranche,1.11,yes,cash flows need the deal waterfall; the factor path replaces it
31392PPG4,TNTD03131620,31392PPG4 Mtge,tranche-unpriced,remic-tranche,3.85,no,cash flows need the deal waterfall; the factor path replaces it
31392R3H2,TNTD03131578,31392R3H2 Mtge,tranche-unpriced,remic-tranche,2.48,no,cash flows need the deal waterfall; the factor path replaces it
31392T4D6,TNTD03143339,31392T4D6 Mtge,tranche-unpriced,remic-tranche,5.26,yes,cash flows need the deal waterfall; the factor path replaces it
31392XA81,TNTD03132675,31392XA81 Mtge,tranche-unpriced,remic-tranche,0.32,yes,cash flows need the deal waterfall; the factor path replaces it
31392XAZ1,TNTD03150712,31392XAZ1 Mtge,tranche-unpriced,remic-tranche,0.38,no,cash flows need the deal waterfall; the factor path replaces it
31392XEV6,TNTD03104215,31392XEV6 Mtge,tranche-unpriced,po-strip,0.71,no,cash flows need the deal waterfall; the factor path replaces it
31393A5Z6,TNTD03350859,31393A5Z6 Mtge,tranche-unpriced,io-strip,0.06,no,cash flows need the deal waterfall; the factor path replaces it
31393BFA8,TNTD03363449,31393BFA8 Mtge,tranche-unpriced,remic-tranche,0.77,yes,cash flows need the deal waterfall; the factor path replaces it
31393BFR1,TNTD03357141,31393BFR1 Mtge,tranche-unpriced,io-strip,0.23,no,cash flows need the deal waterfall; the factor path replaces it
31393BFS9,TNTD03412371,31393BFS9 Mtge,tranche-unpriced,remic-tranche,0.94,yes,cash flows need the deal waterfall; the factor path replaces it
31393CCD3,TNTD03405314,31393CCD3 Mtge,tranche-unpriced,cmo-tranche,1.42,yes,cash flows need the deal waterfall; the factor path replaces it
31393CV67,TNTD03363673,31393CV67 Mtge,tranche-unpriced,remic-tranche,1.07,no,cash flows need the deal waterfall; the factor path replaces it
31393CVP5,TNTD03432887,31393CVP5 Mtge,tranche-unpriced,io-strip,0.22,no,cash flows need the deal waterfall; the factor path replaces it
31393DFM8,TNTD03373942,31393DFM8 Mtge,tranche-unpriced,io-strip,0.02,yes,cash flows need the deal waterfall; the factor path replaces it
31393DN80,TNTD03371402,31393DN80 Mtge,tranche-unpriced,io-strip,0.32,yes,cash flows need the deal waterfall; the factor path replaces it
31393DXG1,TNTD03431732,31393DXG1 Mtge,tranche-unpriced,io-strip,0.17,no,cash flows need the deal waterfall; the factor path replaces it
31393EKS7,TNTD03364577,31393EKS7 Mtge,tranche-unpriced,remic-tranche,0.52,no,cash flows need the deal waterfall; the factor path replaces it
31393EQX0,TNTD03373244,31393EQX0 Mtge,tranche-unpriced,cmo-tranche,0.48,no,cash flows need the deal waterfall; the factor path replaces it
31393ERS0,TNTD03368824,31393ERS0 Mtge,tranche-unpriced,remic-tranche,3.15,yes,cash flows need the deal waterfall; the factor path replaces it
31393HJA1,TNTD03146820,31393HJA1 Mtge,tranche-unpriced,remic-tranche,2.11,yes,cash flows need the deal waterfall; the factor path replaces it
31393HP63,TNTD03131687,31393HP63 Mtge,tranche-unpriced,remic-tranche,1.22,no,cash flows need the deal waterfall; the factor path replaces it
31393JPS1,TNTD03138115,31393JPS1 Mtge,tranche-unpriced,remic-tranche,0.43,yes,cash flows need the deal waterfall; the factor path replaces it
31393KSG1,TNTD03131796,31393KSG1 Mtge,tranche-unpriced,remic-tranche,1.07,no,cash flows need the deal waterfall; the factor path replaces it
31393LFM0,TNTD03131046,31393LFM0 Mtge,tranche-unpriced,remic-tranche,0.53,no,cash flows need the deal waterfall; the factor path replaces it
31393MFR7,TNTD03197616,31393MFR7 Mtge,tranche-unpriced,io-strip,0.09,no,cash flows need the deal waterfall; the factor path replaces it
31393NDD8,TNTD03142001,31393NDD8 Mtge,tranche-unpriced,remic-tranche,2.34,yes,cash flows need the deal waterfall; the factor path replaces it
31393NU72,TNTD03109958,31393NU72 Mtge,tranche-unpriced,io-strip,0.13,no,cash flows need the deal waterfall; the factor path replaces it
31393PWD2,TNTD03131724,31393PWD2 Mtge,tranche-unpriced,remic-tranche,0.54,no,cash flows need the deal waterfall; the factor path replaces it
31393PWH3,TNTD03132382,31393PWH3 Mtge,tranche-unpriced,remic-tranche,2.09,no,cash flows need the deal waterfall; the factor path replaces it
31393PZN7,TNTD03108553,31393PZN7 Mtge,tranche-unpriced,remic-tranche,2.13,yes,cash flows need the deal waterfall; the factor path replaces it
31393QQP0,TNTD03137283,31393QQP0 Mtge,tranche-unpriced,remic-tranche,1.57,no,cash flows need the deal waterfall; the factor path replaces it
31393QX31,TNTD03121710,31393QX31 Mtge,tranche-unpriced,io-strip,0.17,no,cash flows need the deal waterfall; the factor path replaces it
31393QYK2,TNTD03135951,31393QYK2 Mtge,tranche-unpriced,io-strip,0.22,yes,cash flows need the deal waterfall; the factor path replaces it
31393RMZ0,TNTD03142940,31393RMZ0 Mtge,tranche-unpriced,remic-tranche,2.16,yes,cash flows need the deal waterfall; the factor path replaces it
31393RVZ0,TNTD03137569,31393RVZ0 Mtge,tranche-unpriced,remic-tranche,2.10,no,cash flows need the deal waterfall; the factor path replaces it
31393T4W3,TNTD03365203,31393T4W3 Mtge,tranche-unpriced,io-strip,0.20,no,cash flows need the deal waterfall; the factor path replaces it
31393THN9,TNTD03364863,31393THN9 Mtge,tranche-unpriced,remic-tranche,1.57,yes,cash flows need the deal waterfall; the factor path replaces it
31393U4Q3,TNTD03366152,31393U4Q3 Mtge,tranche-unpriced,remic-tranche,0.53,no,cash flows need the deal waterfall; the factor path replaces it
31393U7F4,TNTD03377897,31393U7F4 Mtge,tranche-unpriced,remic-tranche,0.53,no,cash flows need the deal waterfall; the factor path replaces it
31393UN25,TNTD03374217,31393UN25 Mtge,tranche-unpriced,remic-tranche,1.38,no,cash flows need the deal waterfall; the factor path replaces it
31393UPM9,TNTD03401401,31393UPM9 Mtge,tranche-unpriced,remic-tranche,4.84,yes,cash flows need the deal waterfall; the factor path replaces it
31393UQ89,TNTD03389187,31393UQ89 Mtge,tranche-unpriced,remic-tranche,0.41,no,cash flows need the deal waterfall; the factor path replaces it
31393UVB6,TNTD03378478,31393UVB6 Mtge,tranche-unpriced,po-strip,0.35,no,cash flows need the deal waterfall; the factor path replaces it
31393UWF6,TNTD03366062,31393UWF6 Mtge,tranche-unpriced,remic-tranche,0.65,no,cash flows need the deal waterfall; the factor path replaces it
31393UZ48,TNTD03414613,31393UZ48 Mtge,tranche-unpriced,remic-tranche,0.90,yes,cash flows need the deal waterfall; the factor path replaces it
31393V2H3,TNTD03147981,31393V2H3 Mtge,tranche-unpriced,remic-tranche,0.65,yes,cash flows need the deal waterfall; the factor path replaces it
31393VHU8,TNTD03132250,31393VHU8 Mtge,tranche-unpriced,io-strip,0.31,yes,cash flows need the deal waterfall; the factor path replaces it
31393VYG0,TNTD03147376,31393VYG0 Mtge,tranche-unpriced,remic-tranche,0.87,yes,cash flows need the deal waterfall; the factor path replaces it
31393VYH8,TNTD03122148,31393VYH8 Mtge,tranche-unpriced,remic-tranche,1.30,yes,cash flows need the deal waterfall; the factor path replaces it
31393W3X5,TNTD03149833,31393W3X5 Mtge,tranche-unpriced,po-strip,1.12,no,cash flows need the deal waterfall; the factor path replaces it
31393W4L0,TNTD03149665,31393W4L0 Mtge,tranche-unpriced,po-strip,1.87,no,cash flows need the deal waterfall; the factor path replaces it
31393WCC1,TNTD03197256,31393WCC1 Mtge,tranche-unpriced,io-strip,0.09,no,cash flows need the deal waterfall; the factor path replaces it
31393WEY1,TNTD03138556,31393WEY1 Mtge,tranche-unpriced,io-strip,0.01,yes,cash flows need the deal waterfall; the factor path replaces it
31393X4N4,TNTD03378409,31393X4N4 Mtge,tranche-unpriced,remic-tranche,1.58,no,cash flows need the deal waterfall; the factor path replaces it
31393X5J2,TNTD03380902,31393X5J2 Mtge,tranche-unpriced,remic-tranche,0.53,no,cash flows need the deal waterfall; the factor path replaces it
31393X5V5,TNTD03378407,31393X5V5 Mtge,tranche-unpriced,remic-tranche,1.28,no,cash flows need the deal waterfall; the factor path replaces it
31393XDD6,TNTD03376438,31393XDD6 Mtge,tranche-unpriced,remic-tranche,0.80,no,cash flows need the deal waterfall; the factor path replaces it
31393XHW0,TNTD03376636,31393XHW0 Mtge,tranche-unpriced,remic-tranche,0.46,yes,cash flows need the deal waterfall; the factor path replaces it
31393XN60,TNTD03378358,31393XN60 Mtge,tranche-unpriced,remic-tranche,2.05,yes,cash flows need the deal waterfall; the factor path replaces it
31393XRC3,TNTD03382170,31393XRC3 Mtge,tranche-unpriced,po-strip,0.41,no,cash flows need the deal waterfall; the factor path replaces it
31393XRE9,TNTD03377280,31393XRE9 Mtge,tranche-unpriced,remic-tranche,1.43,no,cash flows need the deal waterfall; the factor path replaces it
31393YE92,TNTD03402383,31393YE92 Mtge,tranche-unpriced,remic-tranche,5.15,no,cash flows need the deal waterfall; the factor path replaces it
31393YR72,TNTD03366564,31393YR72 Mtge,tranche-unpriced,io-strip,0.19,yes,cash flows need the deal waterfall; the factor path replaces it
31393YT96,TNTD03402464,31393YT96 Mtge,tranche-unpriced,remic-tranche,0.84,no,cash flows need the deal waterfall; the factor path replaces it
31394ABD7,TNTD03383071,31394ABD7 Mtge,tranche-unpriced,remic-tranche,2.14,yes,cash flows need the deal waterfall; the factor path replaces it
31394AP26,TNTD03354587,31394AP26 Mtge,tranche-unpriced,remic-tranche,1.55,yes,cash flows need the deal waterfall; the factor path replaces it
31394ATX4,TNTD03386552,31394ATX4 Mtge,tranche-unpriced,remic-tranche,0.59,no,cash flows need the deal waterfall; the factor path replaces it
31394AVD5,TNTD03427087,31394AVD5 Mtge,tranche-unpriced,po-strip,1.00,no,cash flows need the deal waterfall; the factor path replaces it
31394AWY8,TNTD03385730,31394AWY8 Mtge,tranche-unpriced,remic-tranche,4.03,no,cash flows need the deal waterfall; the factor path replaces it
31394B4Y7,TNTD03389333,31394B4Y7 Mtge,tranche-unpriced,remic-tranche,0.54,no,cash flows need the deal waterfall; the factor path replaces it
31394BGL2,TNTD03384030,31394BGL2 Mtge,tranche-unpriced,remic-tranche,1.01,no,cash flows need the deal waterfall; the factor path replaces it
31394BGP3,TNTD03429076,31394BGP3 Mtge,tranche-unpriced,remic-tranche,1.10,no,cash flows need the deal waterfall; the factor path replaces it
31394CRR5,TNTD03390892,31394CRR5 Mtge,tranche-unpriced,remic-tranche,2.29,no,cash flows need the deal waterfall; the factor path replaces it
31394D6N5,TNTD03365296,31394D6N5 Mtge,tranche-unpriced,io-strip,0.20,no,cash flows need the deal waterfall; the factor path replaces it
31394DGY0,TNTD03399374,31394DGY0 Mtge,tranche-unpriced,remic-tranche,1.04,no,cash flows need the deal waterfall; the factor path replaces it
31394DXU9,TNTD03393741,31394DXU9 Mtge,tranche-unpriced,remic-tranche,1.35,no,cash flows need the deal waterfall; the factor path replaces it
31394E7B8,TNTD03396974,31394E7B8 Mtge,tranche-unpriced,remic-tranche,1.92,no,cash flows need the deal waterfall; the factor path replaces it
31394EKR8,TNTD03427142,31394EKR8 Mtge,tranche-unpriced,remic-tranche,0.77,no,cash flows need the deal waterfall; the factor path replaces it
31394FN50,TNTD03402370,31394FN50 Mtge,tranche-unpriced,remic-tranche,8.94,no,cash flows need the deal waterfall; the factor path replaces it
31394G2X0,TNTD03134619,31394G2X0 Mtge,tranche-unpriced,io-strip,0.10,yes,cash flows need the deal waterfall; the factor path replaces it
31394HA92,TNTD03135609,31394HA92 Mtge,tranche-unpriced,remic-tranche,5.93,no,cash flows need the deal waterfall; the factor path replaces it
31394HL58,TNTD03135508,31394HL58 Mtge,tranche-unpriced,remic-tranche,0.60,no,cash flows need the deal waterfall; the factor path replaces it
31394HPL9,TNTD03143297,31394HPL9 Mtge,tranche-unpriced,po-strip,1.12,yes,cash flows need the deal waterfall; the factor path replaces it
31394HUK5,TNTD03169193,31394HUK5 Mtge,tranche-unpriced,remic-tranche,0.92,no,cash flows need the deal waterfall; the factor path replaces it
31394HUL3,TNTD03141347,31394HUL3 Mtge,tranche-unpriced,remic-tranche,1.04,yes,cash flows need the deal waterfall; the factor path replaces it
31394J2U0,TNTD03130075,31394J2U0 Mtge,tranche-unpriced,remic-tranche,2.07,yes,cash flows need the deal waterfall; the factor path replaces it
31394KLQ5,TNTD03135962,31394KLQ5 Mtge,tranche-unpriced,remic-tranche,0.43,no,cash flows need the deal waterfall; the factor path replaces it
31394KM50,TNTD03140897,31394KM50 Mtge,tranche-unpriced,remic-tranche,0.91,yes,cash flows need the deal waterfall; the factor path replaces it
31394KNJ9,TNTD03136557,31394KNJ9 Mtge,tranche-unpriced,io-strip,0.24,yes,cash flows need the deal waterfall; the factor path replaces it
31394KRX4,TNTD03143305,31394KRX4 Mtge,tranche-unpriced,po-strip,1.76,yes,cash flows need the deal waterfall; the factor path replaces it
31394KTA2,TNTD03143148,31394KTA2 Mtge,tranche-unpriced,remic-tranche,0.61,no,cash flows need the deal waterfall; the factor path replaces it
31394KZD9,TNTD03186652,31394KZD9 Mtge,tranche-unpriced,remic-tranche,0.90,no,cash flows need the deal waterfall; the factor path replaces it
31394L4L3,TNTD03149821,31394L4L3 Mtge,tranche-unpriced,remic-tranche,5.69,no,cash flows need the deal waterfall; the factor path replaces it
31394LHT2,TNTD03136011,31394LHT2 Mtge,tranche-unpriced,remic-tranche,0.44,no,cash flows need the deal waterfall; the factor path replaces it
31394LSU7,TNTD03137664,31394LSU7 Mtge,tranche-unpriced,remic-tranche,0.77,no,cash flows need the deal waterfall; the factor path replaces it
31394M3R9,TNTD03137733,31394M3R9 Mtge,tranche-unpriced,remic-tranche,0.43,no,cash flows need the deal waterfall; the factor path replaces it
31394M3S7,TNTD03133130,31394M3S7 Mtge,tranche-unpriced,remic-tranche,0.63,no,cash flows need the deal waterfall; the factor path replaces it
31394MJL5,TNTD03102331,31394MJL5 Mtge,tranche-unpriced,io-strip,0.00,yes,cash flows need the deal waterfall; the factor path replaces it
31394MNW6,TNTD03104643,31394MNW6 Mtge,tranche-unpriced,remic-tranche,1.05,yes,cash flows need the deal waterfall; the factor path replaces it
31394MYB0,TNTD03132821,31394MYB0 Mtge,tranche-unpriced,remic-tranche,1.48,yes,cash flows need the deal waterfall; the factor path replaces it
31394NGW2,TNTD03133192,31394NGW2 Mtge,tranche-unpriced,remic-tranche,0.15,no,cash flows need the deal waterfall; the factor path replaces it
31394NLZ9,TNTD03137803,31394NLZ9 Mtge,tranche-unpriced,remic-tranche,1.53,no,cash flows need the deal waterfall; the factor path replaces it
31394NN53,TNTD03138551,31394NN53 Mtge,tranche-unpriced,po-strip,0.09,no,cash flows need the deal waterfall; the factor path replaces it
31394PKU6,TNTD03137731,31394PKU6 Mtge,tranche-unpriced,remic-tranche,0.33,no,cash flows need the deal waterfall; the factor path replaces it
31394PNM1,TNTD03149684,31394PNM1 Mtge,tranche-unpriced,po-strip,1.32,no,cash flows need the deal waterfall; the factor path replaces it
31394PNR0,TNTD03139540,31394PNR0 Mtge,tranche-unpriced,remic-tranche,0.57,no,cash flows need the deal waterfall; the factor path replaces it
31394PQF3,TNTD03137597,31394PQF3 Mtge,tranche-unpriced,remic-tranche,0.41,no,cash flows need the deal waterfall; the factor path replaces it
31394PR70,TNTD03137594,31394PR70 Mtge,tranche-unpriced,remic-tranche,1.76,no,cash flows need the deal waterfall; the factor path replaces it
31394PRU9,TNTD03137596,31394PRU9 Mtge,tranche-unpriced,remic-tranche,2.07,no,cash flows need the deal waterfall; the factor path replaces it
31394RSS9,TNTD03143075,31394RSS9 Mtge,tranche-unpriced,remic-tranche,0.31,no,cash flows need the deal waterfall; the factor path replaces it
31394T2P9,TNTD03138309,31394T2P9 Mtge,tranche-unpriced,po-strip,0.19,no,cash flows need the deal waterfall; the factor path replaces it
31394TNS0,TNTD03142954,31394TNS0 Mtge,tranche-unpriced,po-strip,0.91,no,cash flows need the deal waterfall; the factor path replaces it
31394UGR7,TNTD03375104,31394UGR7 Mtge,tranche-unpriced,po-strip,0.23,no,cash flows need the deal waterfall; the factor path replaces it
31394UQ21,TNTD03401237,31394UQ21 Mtge,tranche-unpriced,remic-tranche,1.58,no,cash flows need the deal waterfall; the factor path replaces it
31394US45,TNTD03401271,31394US45 Mtge,tranche-unpriced,remic-tranche,13.90,no,cash flows need the deal waterfall; the factor path replaces it
31394US52,TNTD03401297,31394US52 Mtge,tranche-unpriced,remic-tranche,15.67,no,cash flows need the deal waterfall; the factor path replaces it
31394US60,TNTD03401406,31394US60 Mtge,tranche-unpriced,remic-tranche,3.69,no,cash flows need the deal waterfall; the factor path replaces it
31394UYF3,TNTD03427988,31394UYF3 Mtge,tranche-unpriced,remic-tranche,2.11,no,cash flows need the deal waterfall; the factor path replaces it
31394UZE5,TNTD03401228,31394UZE5 Mtge,tranche-unpriced,remic-tranche,1.07,no,cash flows need the deal waterfall; the factor path replaces it
31394V4X5,TNTD03384031,31394V4X5 Mtge,tranche-unpriced,po-strip,0.84,no,cash flows need the deal waterfall; the factor path replaces it
31394VRP7,TNTD03427951,31394VRP7 Mtge,tranche-unpriced,remic-tranche,2.64,no,cash flows need the deal waterfall; the factor path replaces it
31394VTC4,TNTD03427963,31394VTC4 Mtge,tranche-unpriced,remic-tranche,4.58,no,cash flows need the deal waterfall; the factor path replaces it
31394WJS8,TNTD03142738,31394WJS8 Mtge,tranche-unpriced,remic-tranche,0.89,no,cash flows need the deal waterfall; the factor path replaces it
31394WRL4,TNTD03141902,31394WRL4 Mtge,tranche-unpriced,remic-tranche,0.45,no,cash flows need the deal waterfall; the factor path replaces it
31394WU71,TNTD03132968,31394WU71 Mtge,tranche-unpriced,io-strip,0.27,no,cash flows need the deal waterfall; the factor path replaces it
31394WYM4,TNTD03138391,31394WYM4 Mtge,tranche-unpriced,remic-tranche,1.03,yes,cash flows need the deal waterfall; the factor path replaces it
31394XPN0,TNTD03141249,31394XPN0 Mtge,tranche-unpriced,remic-tranche,0.83,yes,cash flows need the deal waterfall; the factor path replaces it
31394YQR8,TNTD03135250,31394YQR8 Mtge,tranche-unpriced,remic-tranche,0.60,no,cash flows need the deal waterfall; the factor path replaces it
31395B4J9,TNTD03426904,31395B4J9 Mtge,tranche-unpriced,po-strip,0.67,no,cash flows need the deal waterfall; the factor path replaces it
31395BA52,TNTD03405285,31395BA52 Mtge,tranche-unpriced,po-strip,0.65,no,cash flows need the deal waterfall; the factor path replaces it
31395BVH3,TNTD03426903,31395BVH3 Mtge,tranche-unpriced,po-strip,1.04,no,cash flows need the deal waterfall; the factor path replaces it
31395CRQ6,TNTD03141020,31395CRQ6 Mtge,tranche-unpriced,remic-tranche,4.07,no,cash flows need the deal waterfall; the factor path replaces it
31395CXN6,TNTD03410649,31395CXN6 Mtge,tranche-unpriced,io-strip,0.04,no,cash flows need the deal waterfall; the factor path replaces it
31395CYD7,TNTD03143153,31395CYD7 Mtge,tranche-unpriced,remic-tranche,0.31,yes,cash flows need the deal waterfall; the factor path replaces it
31395CZ79,TNTD03145733,31395CZ79 Mtge,tranche-unpriced,po-strip,0.64,yes,cash flows need the deal waterfall; the factor path replaces it
31395DTS8,TNTD03428024,31395DTS8 Mtge,tranche-unpriced,po-strip,1.21,no,cash flows need the deal waterfall; the factor path replaces it
31395DUD9,TNTD03428144,31395DUD9 Mtge,tranche-unpriced,po-strip,1.50,no,cash flows need the deal waterfall; the factor path replaces it
31395DVV8,TNTD03430028,31395DVV8 Mtge,tranche-unpriced,remic-tranche,0.34,no,cash flows need the deal waterfall; the factor path replaces it
31395ELC9,TNTD03147325,31395ELC9 Mtge,tranche-unpriced,remic-tranche,3.13,yes,cash flows need the deal waterfall; the factor path replaces it
31395EPV3,TNTD03145751,31395EPV3 Mtge,tranche-unpriced,po-strip,0.97,yes,cash flows need the deal waterfall; the factor path replaces it
31395F2V5,TNTD03147292,31395F2V5 Mtge,tranche-unpriced,remic-tranche,0.67,no,cash flows need the deal waterfall; the factor path replaces it
31395FCG7,TNTD03141340,31395FCG7 Mtge,tranche-unpriced,remic-tranche,0.34,no,cash flows need the deal waterfall; the factor path replaces it
31395FCK8,TNTD03136597,31395FCK8 Mtge,tranche-unpriced,remic-tranche,0.34,yes,cash flows need the deal waterfall; the factor path replaces it
31395FEZ3,TNTD03179773,31395FEZ3 Mtge,tranche-unpriced,po-strip,0.63,no,cash flows need the deal waterfall; the factor path replaces it
31395G5R9,TNTD03134046,31395G5R9 Mtge,tranche-unpriced,remic-tranche,0.83,yes,cash flows need the deal waterfall; the factor path replaces it
31395JRU2,TNTD03146847,31395JRU2 Mtge,tranche-unpriced,po-strip,0.96,no,cash flows need the deal waterfall; the factor path replaces it
31395KWL3,TNTD03137331,31395KWL3 Mtge,tranche-unpriced,po-strip,0.87,no,cash flows need the deal waterfall; the factor path replaces it
31395LCC3,TNTD03228526,31395LCC3 Mtge,tranche-unpriced,remic-tranche,0.41,no,cash flows need the deal waterfall; the factor path replaces it
31395MCQ0,TNTD03172225,31395MCQ0 Mtge,tranche-unpriced,po-strip,3.37,yes,cash flows need the deal waterfall; the factor path replaces it
31395MCX5,TNTD03166018,31395MCX5 Mtge,tranche-unpriced,po-strip,0.58,yes,cash flows need the deal waterfall; the factor path replaces it
31395NBC0,TNTD03407308,31395NBC0 Mtge,tranche-unpriced,po-strip,4.21,no,cash flows need the deal waterfall; the factor path replaces it
31395ND20,TNTD03408369,31395ND20 Mtge,tranche-unpriced,po-strip,1.28,no,cash flows need the deal waterfall; the factor path replaces it
31395NE29,TNTD03408438,31395NE29 Mtge,tranche-unpriced,po-strip,1.09,no,cash flows need the deal waterfall; the factor path replaces it
31395NJD0,TNTD03407325,31395NJD0 Mtge,tranche-unpriced,io-strip,0.33,no,cash flows need the deal waterfall; the factor path replaces it
31395NW45,TNTD03408342,31395NW45 Mtge,tranche-unpriced,po-strip,2.20,yes,cash flows need the deal waterfall; the factor path replaces it
31395NWL7,TNTD03410065,31395NWL7 Mtge,tranche-unpriced,po-strip,0.84,no,cash flows need the deal waterfall; the factor path replaces it
31395TD27,TNTD03144386,31395TD27 Mtge,tranche-unpriced,remic-tranche,0.09,no,cash flows need the deal waterfall; the factor path replaces it
31395TDR2,TNTD03144793,31395TDR2 Mtge,tranche-unpriced,remic-tranche,5.26,yes,cash flows need the deal waterfall; the factor path replaces it
31395TNQ3,TNTD03144241,31395TNQ3 Mtge,tranche-unpriced,remic-tranche,2.44,yes,cash flows need the deal waterfall; the factor path replaces it
31395UBN0,TNTD03146885,31395UBN0 Mtge,tranche-unpriced,po-strip,0.18,no,cash flows need the deal waterfall; the factor path replaces it
31395VFP9,TNTD03145225,31395VFP9 Mtge,tranche-unpriced,po-strip,0.37,yes,cash flows need the deal waterfall; the factor path replaces it
31395WPC5,TNTD03153358,31395WPC5 Mtge,tranche-unpriced,remic-tranche,0.98,no,cash flows need the deal waterfall; the factor path replaces it
31395WPZ4,TNTD03147348,31395WPZ4 Mtge,tranche-unpriced,remic-tranche,3.81,yes,cash flows need the deal waterfall; the factor path replaces it
31396AAM6,TNTD03143023,31396AAM6 Mtge,tranche-unpriced,remic-tranche,0.32,no,cash flows need the deal waterfall; the factor path replaces it
31396CJR2,TNTD03146886,31396CJR2 Mtge,tranche-unpriced,remic-tranche,1.31,no,cash flows need the deal waterfall; the factor path replaces it
31396ERD0,TNTD03147335,31396ERD0 Mtge,tranche-unpriced,remic-tranche,3.06,no,cash flows need the deal waterfall; the factor path replaces it
31396EUC8,TNTD03150148,31396EUC8 Mtge,tranche-unpriced,remic-tranche,1.21,no,cash flows need the deal waterfall; the factor path replaces it
31396FF32,TNTD03149467,31396FF32 Mtge,tranche-unpriced,po-strip,1.07,no,cash flows need the deal waterfall; the factor path replaces it
31396FFT5,TNTD03149701,31396FFT5 Mtge,tranche-unpriced,remic-tranche,1.22,no,cash flows need the deal waterfall; the factor path replaces it
31396FKP7,TNTD03145291,31396FKP7 Mtge,tranche-unpriced,po-strip,0.97,no,cash flows need the deal waterfall; the factor path replaces it
31396FWV1,TNTD03149218,31396FWV1 Mtge,tranche-unpriced,remic-tranche,0.67,no,cash flows need the deal waterfall; the factor path replaces it
31396GKK6,TNTD03148729,31396GKK6 Mtge,tranche-unpriced,remic-tranche,0.21,no,cash flows need the deal waterfall; the factor path replaces it
31396HQZ5,TNTD03149386,31396HQZ5 Mtge,tranche-unpriced,remic-tranche,1.14,yes,cash flows need the deal waterfall; the factor path replaces it
31396HUN7,TNTD03150734,31396HUN7 Mtge,tranche-unpriced,po-strip,1.30,no,cash flows need the deal waterfall; the factor path replaces it
31396HVU0,TNTD03149658,31396HVU0 Mtge,tranche-unpriced,po-strip,0.68,no,cash flows need the deal waterfall; the factor path replaces it
31396J5T8,TNTD03148878,31396J5T8 Mtge,tranche-unpriced,po-strip,0.23,no,cash flows need the deal waterfall; the factor path replaces it
31396KAA0,TNTD03356736,31396KAA0 Mtge,tranche-unpriced,po-strip,0.72,no,cash flows need the deal waterfall; the factor path replaces it
31396KGX4,TNTD03409151,31396KGX4 Mtge,tranche-unpriced,remic-tranche,6.24,no,cash flows need the deal waterfall; the factor path replaces it
31396KHT2,TNTD03427091,31396KHT2 Mtge,tranche-unpriced,po-strip,1.44,no,cash flows need the deal waterfall; the factor path replaces it
31396KJK9,TNTD03374110,31396KJK9 Mtge,tranche-unpriced,po-strip,1.19,no,cash flows need the deal waterfall; the factor path replaces it
31396KU42,TNTD03376514,31396KU42 Mtge,tranche-unpriced,po-strip,0.62,no,cash flows need the deal waterfall; the factor path replaces it
31396L5D8,TNTD03415310,31396L5D8 Mtge,tranche-unpriced,po-strip,2.00,no,cash flows need the deal waterfall; the factor path replaces it
31396LM80,TNTD03374846,31396LM80 Mtge,tranche-unpriced,po-strip,1.71,no,cash flows need the deal waterfall; the factor path replaces it
31396LQW3,TNTD03375458,31396LQW3 Mtge,tranche-unpriced,io-strip,0.35,no,cash flows need the deal waterfall; the factor path replaces it
31396LSR2,TNTD03426103,31396LSR2 Mtge,tranche-unpriced,po-strip,0.67,no,cash flows need the deal waterfall; the factor path replaces it
31396LU57,TNTD03366950,31396LU57 Mtge,tranche-unpriced,po-strip,1.52,no,cash flows need the deal waterfall; the factor path replaces it
31396LVP2,TNTD03411649,31396LVP2 Mtge,tranche-unpriced,po-strip,2.03,no,cash flows need the deal waterfall; the factor path replaces it
31396N7B6,TNTD03149162,31396N7B6 Mtge,tranche-unpriced,po-strip,1.00,no,cash flows need the deal waterfall; the factor path replaces it
31396NSL1,TNTD03149468,31396NSL1 Mtge,tranche-unpriced,remic-tranche,2.08,no,cash flows need the deal waterfall; the factor path replaces it
31396NWU6,TNTD03149614,31396NWU6 Mtge,tranche-unpriced,remic-tranche,0.37,no,cash flows need the deal waterfall; the factor path replaces it
31396PC33,TNTD03431915,31396PC33 Mtge,tranche-unpriced,io-strip,0.40,no,cash flows need the deal waterfall; the factor path replaces it
31396PE72,TNTD03377923,31396PE72 Mtge,tranche-unpriced,po-strip,0.62,no,cash flows need the deal waterfall; the factor path replaces it
31396PRZ6,TNTD03356636,31396PRZ6 Mtge,tranche-unpriced,io-strip,0.50,no,cash flows need the deal waterfall; the factor path replaces it
31396PXT3,TNTD03425991,31396PXT3 Mtge,tranche-unpriced,po-strip,0.46,yes,cash flows need the deal waterfall; the factor path replaces it
31396PXY2,TNTD03426087,31396PXY2 Mtge,tranche-unpriced,remic-tranche,8.24,no,cash flows need the deal waterfall; the factor path replaces it
31396RDA2,TNTD03149655,31396RDA2 Mtge,tranche-unpriced,po-strip,0.71,no,cash flows need the deal waterfall; the factor path replaces it
31396RJA6,TNTD03204157,31396RJA6 Mtge,tranche-unpriced,po-strip,0.45,no,cash flows need the deal waterfall; the factor path replaces it
31396UAZ3,TNTD03150154,31396UAZ3 Mtge,tranche-unpriced,remic-tranche,0.32,no,cash flows need the deal waterfall; the factor path replaces it
31396UCL2,TNTD03150512,31396UCL2 Mtge,tranche-unpriced,remic-tranche,6.50,no,cash flows need the deal waterfall; the factor path replaces it
31396UFA3,TNTD03150822,31396UFA3 Mtge,tranche-unpriced,remic-tranche,1.92,no,cash flows need the deal waterfall; the factor path replaces it
31396UJG6,TNTD03183715,31396UJG6 Mtge,tranche-unpriced,remic-tranche,0.34,no,cash flows need the deal waterfall; the factor path replaces it
31396VGT9,TNTD03366929,31396VGT9 Mtge,tranche-unpriced,cmo-tranche,0.51,no,cash flows need the deal waterfall; the factor path replaces it
31396VK31,TNTD03378548,31396VK31 Mtge,tranche-unpriced,remic-tranche,1.04,no,cash flows need the deal waterfall; the factor path replaces it
31396VYE2,TNTD03372985,31396VYE2 Mtge,tranche-unpriced,cmo-tranche,1.06,no,cash flows need the deal waterfall; the factor path replaces it
31396WFF8,TNTD03422040,31396WFF8 Mtge,tranche-unpriced,io-strip,0.35,no,cash flows need the deal waterfall; the factor path replaces it
31396X6G4,TNTD03432642,31396X6G4 Mtge,tranche-unpriced,io-strip,0.52,no,cash flows need the deal waterfall; the factor path replaces it
31396XDP6,TNTD03415261,31396XDP6 Mtge,tranche-unpriced,po-strip,5.03,no,cash flows need the deal waterfall; the factor path replaces it
31396XF25,TNTD03419021,31396XF25 Mtge,tranche-unpriced,cmo-tranche,5.19,no,cash flows need the deal waterfall; the factor path replaces it
31396XJY1,TNTD03416170,31396XJY1 Mtge,tranche-unpriced,remic-tranche,15.69,no,cash flows need the deal waterfall; the factor path replaces it
31396XJZ8,TNTD03415435,31396XJZ8 Mtge,tranche-unpriced,cmo-tranche,10.53,no,cash flows need the deal waterfall; the factor path replaces it
31396XKA1,TNTD03415320,31396XKA1 Mtge,tranche-unpriced,cmo-tranche,10.55,no,cash flows need the deal waterfall; the factor path replaces it
31396XUU6,TNTD03432942,31396XUU6 Mtge,tranche-unpriced,io-strip,0.20,no,cash flows need the deal waterfall; the factor path replaces it
31396Y4G4,TNTD03426104,31396Y4G4 Mtge,tranche-unpriced,io-strip,0.33,no,cash flows need the deal waterfall; the factor path replaces it
31396YBP6,TNTD03427114,31396YBP6 Mtge,tranche-unpriced,io-strip,0.08,yes,cash flows need the deal waterfall; the factor path replaces it
31396YTG7,TNTD03422053,31396YTG7 Mtge,tranche-unpriced,io-strip,0.37,no,cash flows need the deal waterfall; the factor path replaces it
31396YWZ1,TNTD03422047,31396YWZ1 Mtge,tranche-unpriced,io-strip,0.55,no,cash flows need the deal waterfall; the factor path replaces it
31397ANU3,TNTD03143337,31397ANU3 Mtge,tranche-unpriced,po-strip,0.79,no,cash flows need the deal waterfall; the factor path replaces it
31397BAA9,TNTD03151115,31397BAA9 Mtge,tranche-unpriced,po-strip,0.77,no,cash flows need the deal waterfall; the factor path replaces it
31397BHE4,TNTD03138476,31397BHE4 Mtge,tranche-unpriced,remic-tranche,0.65,no,cash flows need the deal waterfall; the factor path replaces it
31397BND9,TNTD03190797,31397BND9 Mtge,tranche-unpriced,remic-tranche,2.15,no,cash flows need the deal waterfall; the factor path replaces it
31397BYN5,TNTD03144335,31397BYN5 Mtge,tranche-unpriced,po-strip,3.49,no,cash flows need the deal waterfall; the factor path replaces it
31397CYD5,TNTD03211437,31397CYD5 Mtge,tranche-unpriced,po-strip,1.62,yes,cash flows need the deal waterfall; the factor path replaces it
31397ELL7,TNTD03108687,31397ELL7 Mtge,tranche-unpriced,io-strip,0.16,no,cash flows need the deal waterfall; the factor path replaces it
31397F6H0,TNTD03136647,31397F6H0 Mtge,tranche-unpriced,po-strip,0.85,no,cash flows need the deal waterfall; the factor path replaces it
31397FDQ2,TNTD03186683,31397FDQ2 Mtge,tranche-unpriced,remic-tranche,2.14,no,cash flows need the deal waterfall; the factor path replaces it
31397FR79,TNTD03212778,31397FR79 Mtge,tranche-unpriced,io-strip,0.24,no,cash flows need the deal waterfall; the factor path replaces it
31397FSC7,TNTD03133817,31397FSC7 Mtge,tranche-unpriced,remic-tranche,1.39,no,cash flows need the deal waterfall; the factor path replaces it
31397HCU0,TNTD03142986,31397HCU0 Mtge,tranche-unpriced,po-strip,1.12,no,cash flows need the deal waterfall; the factor path replaces it
31397HVS4,TNTD03137005,31397HVS4 Mtge,tranche-unpriced,remic-tranche,1.56,no,cash flows need the deal waterfall; the factor path replaces it
31397J5M2,TNTD03137100,31397J5M2 Mtge,tranche-unpriced,po-strip,1.62,no,cash flows need the deal waterfall; the factor path replaces it
31397JYA6,TNTD03152601,31397JYA6 Mtge,tranche-unpriced,io-strip,0.64,no,cash flows need the deal waterfall; the factor path replaces it
31397KER8,TNTD03153359,31397KER8 Mtge,tranche-unpriced,remic-tranche,0.96,no,cash flows need the deal waterfall; the factor path replaces it
31397LC23,TNTD03433039,31397LC23 Mtge,tranche-unpriced,io-strip,0.20,no,cash flows need the deal waterfall; the factor path replaces it
31397LQB8,TNTD03432437,31397LQB8 Mtge,tranche-unpriced,io-strip,0.05,no,cash flows need the deal waterfall; the factor path replaces it
31397LYN3,TNTD03431777,31397LYN3 Mtge,tranche-unpriced,io-strip,0.23,yes,cash flows need the deal waterfall; the factor path replaces it
31397M5Z6,TNTD03433363,31397M5Z6 Mtge,tranche-unpriced,io-strip,0.42,no,cash flows need the deal waterfall; the factor path replaces it
31397PP87,TNTD03187197,31397PP87 Mtge,tranche-unpriced,remic-tranche,1.29,yes,cash flows need the deal waterfall; the factor path replaces it
31397RTS5,TNTD03153119,31397RTS5 Mtge,tranche-unpriced,io-strip,0.41,no,cash flows need the deal waterfall; the factor path replaces it
31397T4Y5,TNTD03186663,31397T4Y5 Mtge,tranche-unpriced,io-strip,0.43,no,cash flows need the deal waterfall; the factor path replaces it
31397YPL9,TNTD03219773,31397YPL9 Mtge,tranche-unpriced,io-strip,0.26,no,cash flows need the deal waterfall; the factor path replaces it
383739CN7,TNTD03368392,383739CN7 Mtge,tranche-unpriced,remic-tranche,0.12,no,cash flows need the deal waterfall; the factor path replaces it
38373MJZ4,TNTD03365921,38373MJZ4 Mtge,tranche-unpriced,remic-tranche,1.36,no,cash flows need the deal waterfall; the factor path replaces it
38373QGB1,TNTD03427005,38373QGB1 Mtge,tranche-unpriced,po-strip,0.96,no,cash flows need the deal waterfall; the factor path replaces it
38373QXW6,TNTD03362820,38373QXW6 Mtge,tranche-unpriced,remic-tranche,3.31,yes,cash flows need the deal waterfall; the factor path replaces it
38373QXZ9,TNTD03362809,38373QXZ9 Mtge,tranche-unpriced,remic-tranche,1.10,yes,cash flows need the deal waterfall; the factor path replaces it
38373SQC4,TNTD03365321,38373SQC4 Mtge,tranche-unpriced,io-strip,0.29,no,cash flows need the deal waterfall; the factor path replaces it
38373TQD0,TNTD03301260,38373TQD0 Mtge,tranche-unpriced,remic-tranche,0.45,no,cash flows need the deal waterfall; the factor path replaces it
38373VL99,TNTD03315511,38373VL99 Mtge,tranche-unpriced,io-strip,0.16,no,cash flows need the deal waterfall; the factor path replaces it
38373W7Q5,TNTD03424072,38373W7Q5 Mtge,tranche-unpriced,io-strip,0.56,no,cash flows need the deal waterfall; the factor path replaces it
38373WQH4,TNTD03368706,38373WQH4 Mtge,tranche-unpriced,remic-tranche,0.19,no,cash flows need the deal waterfall; the factor path replaces it
38373WXT0,TNTD03365335,38373WXT0 Mtge,tranche-unpriced,io-strip,0.14,no,cash flows need the deal waterfall; the factor path replaces it
38373X3K0,TNTD03361197,38373X3K0 Mtge,tranche-unpriced,remic-tranche,0.35,yes,cash flows need the deal waterfall; the factor path replaces it
38373XDM5,TNTD03362767,38373XDM5 Mtge,tranche-unpriced,remic-tranche,0.65,no,cash flows need the deal waterfall; the factor path replaces it
38373YN67,TNTD03303567,38373YN67 Mtge,tranche-unpriced,io-strip,0.05,no,cash flows need the deal waterfall; the factor path replaces it
38373YNN0,TNTD03361646,38373YNN0 Mtge,tranche-unpriced,remic-tranche,2.66,yes,cash flows need the deal waterfall; the factor path replaces it
38373YVR2,TNTD03427006,38373YVR2 Mtge,tranche-unpriced,po-strip,0.85,no,cash flows need the deal waterfall; the factor path replaces it
383742YT4,TNTD03424218,383742YT4 Mtge,tranche-unpriced,io-strip,0.23,no,cash flows need the deal waterfall; the factor path replaces it
38374BKX0,TNTD03420810,38374BKX0 Mtge,tranche-unpriced,remic-tranche,0.07,no,cash flows need the deal waterfall; the factor path replaces it
38374CNT4,TNTD03372374,38374CNT4 Mtge,tranche-unpriced,io-strip,0.10,no,cash flows need the deal waterfall; the factor path replaces it
38374D2P3,TNTD03424079,38374D2P3 Mtge,tranche-unpriced,remic-tranche,1.62,yes,cash flows need the deal waterfall; the factor path replaces it
38374D3F4,TNTD03432614,38374D3F4 Mtge,tranche-unpriced,io-strip,0.27,no,cash flows need the deal waterfall; the factor path replaces it
38374D7B9,TNTD03432722,38374D7B9 Mtge,tranche-unpriced,io-strip,0.35,no,cash flows need the deal waterfall; the factor path replaces it
38374EBQ9,TNTD03366207,38374EBQ9 Mtge,tranche-unpriced,io-strip,0.00,yes,cash flows need the deal waterfall; the factor path replaces it
38374EZ91,TNTD03366267,38374EZ91 Mtge,tranche-unpriced,io-strip,0.25,no,cash flows need the deal waterfall; the factor path replaces it
38374FNV2,TNTD03376649,38374FNV2 Mtge,tranche-unpriced,io-strip,0.39,no,cash flows need the deal waterfall; the factor path replaces it
38374GDC3,TNTD03378412,38374GDC3 Mtge,tranche-unpriced,remic-tranche,0.30,no,cash flows need the deal waterfall; the factor path replaces it
38374GUX8,TNTD03366930,38374GUX8 Mtge,tranche-unpriced,io-strip,0.72,no,cash flows need the deal waterfall; the factor path replaces it
38374H2D1,TNTD03374101,38374H2D1 Mtge,tranche-unpriced,io-strip,0.22,no,cash flows need the deal waterfall; the factor path replaces it
38374HVR8,TNTD03430963,38374HVR8 Mtge,tranche-unpriced,po-strip,3.63,no,cash flows need the deal waterfall; the factor path replaces it
38374HVS6,TNTD03372801,38374HVS6 Mtge,tranche-unpriced,io-strip,0.16,no,cash flows need the deal waterfall; the factor path replaces it
38374HYZ7,TNTD03374191,38374HYZ7 Mtge,tranche-unpriced,io-strip,0.57,no,cash flows need the deal waterfall; the factor path replaces it
38374KTF0,TNTD03374214,38374KTF0 Mtge,tranche-unpriced,io-strip,0.80,no,cash flows need the deal waterfall; the factor path replaces it
38374LNG2,TNTD03424874,38374LNG2 Mtge,tranche-unpriced,io-strip,0.07,no,cash flows need the deal waterfall; the factor path replaces it
38374LZ46,TNTD03424728,38374LZ46 Mtge,tranche-unpriced,io-strip,0.17,no,cash flows need the deal waterfall; the factor path replaces it
38374MBR9,TNTD03426174,38374MBR9 Mtge,tranche-unpriced,po-strip,0.72,no,cash flows need the deal waterfall; the factor path replaces it
38374MM63,TNTD03425105,38374MM63 Mtge,tranche-unpriced,po-strip,1.77,no,cash flows need the deal waterfall; the factor path replaces it
38374MME6,TNTD03429929,38374MME6 Mtge,tranche-unpriced,po-strip,0.33,yes,cash flows need the deal waterfall; the factor path replaces it
38374NGB7,TNTD03411345,38374NGB7 Mtge,tranche-unpriced,po-strip,0.74,no,cash flows need the deal waterfall; the factor path replaces it
38374NXS1,TNTD03419030,38374NXS1 Mtge,tranche-unpriced,remic-tranche,1.52,no,cash flows need the deal waterfall; the factor path replaces it
38375DBZ0,TNTD03427021,38375DBZ0 Mtge,tranche-unpriced,po-strip,0.80,no,cash flows need the deal waterfall; the factor path replaces it
38375J8N8,TNTD03382229,38375J8N8 Mtge,tranche-unpriced,po-strip,0.71,no,cash flows need the deal waterfall; the factor path replaces it
38375JJ55,TNTD03432618,38375JJ55 Mtge,tranche-unpriced,io-strip,0.20,no,cash flows need the deal waterfall; the factor path replaces it
38375JTD7,TNTD03433511,38375JTD7 Mtge,tranche-unpriced,io-strip,0.47,no,cash flows need the deal waterfall; the factor path replaces it
38375JTE5,TNTD03424744,38375JTE5 Mtge,tranche-unpriced,po-strip,1.25,no,cash flows need the deal waterfall; the factor path replaces it
38375KE99,TNTD03416537,38375KE99 Mtge,tranche-unpriced,remic-tranche,1.55,no,cash flows need the deal waterfall; the factor path replaces it
38375LAQ3,TNTD03417751,38375LAQ3 Mtge,tranche-unpriced,po-strip,4.39,no,cash flows need the deal waterfall; the factor path replaces it
38375LSY7,TNTD03418238,38375LSY7 Mtge,tranche-unpriced,remic-tranche,0.84,no,cash flows need the deal waterfall; the factor path replaces it
38375LUK4,TNTD03424219,38375LUK4 Mtge,tranche-unpriced,po-strip,1.67,no,cash flows need the deal waterfall; the factor path replaces it
38375LZR4,TNTD03421510,38375LZR4 Mtge,tranche-unpriced,io-strip,0.34,no,cash flows need the deal waterfall; the factor path replaces it
38375PR78,TNTD03424727,38375PR78 Mtge,tranche-unpriced,po-strip,1.75,no,cash flows need the deal waterfall; the factor path replaces it
38375QKS7,TNTD03432893,38375QKS7 Mtge,tranche-unpriced,io-strip,0.57,no,cash flows need the deal waterfall; the factor path replaces it
38375XHK3,TNTD03433474,38375XHK3 Mtge,tranche-unpriced,io-strip,0.18,no,cash flows need the deal waterfall; the factor path replaces it
38375XML5,TNTD03430044,38375XML5 Mtge,tranche-unpriced,io-strip,0.13,no,cash flows need the deal waterfall; the factor path replaces it
38375Y5V0,TNTD03433588,38375Y5V0 Mtge,tranche-unpriced,io-strip,0.23,no,cash flows need the deal waterfall; the factor path replaces it
3837H16W6,TNTD03342563,3837H16W6 Mtge,tranche-unpriced,remic-tranche,2.28,no,cash flows need the deal waterfall; the factor path replaces it
3837H4AM7,TNTD03339996,3837H4AM7 Mtge,tranche-unpriced,remic-tranche,0.19,no,cash flows need the deal waterfall; the factor path replaces it
31402CZR6,TNTD03415332,31402CZR6 Mtge,validation-pool,pass-through,44.48,yes,our engine already prices this one -- used to check the factor method against a number we trust
31410KQJ6,TNTD03426713,31410KQJ6 Mtge,validation-pool,pass-through,35.94,no,our engine already prices this one -- used to check the factor method against a number we trust
31410KRX4,TNTD03428194,31410KRX4 Mtge,validation-pool,pass-through,31.86,no,our engine already prices this one -- used to check the factor method against a number we trust
31401KR49,TNTD03362520,31401KR49 Mtge,validation-pool,pass-through,21.44,yes,our engine already prices this one -- used to check the factor method against a number we trust
31410GJB0,TNTD03415260,31410GJB0 Mtge,validation-pool,pass-through,18.81,yes,our engine already prices this one -- used to check the factor method against a number we trust
3128M6Q92,TNTD03187513,3128M6Q92 Mtge,validation-pool,pass-through,17.27,no,our engine already prices this one -- used to check the factor method against a number we trust
36241KNL8,TNTD03553034,36241KNL8 Mtge,validation-pool,pass-through,16.42,no,our engine already prices this one -- used to check the factor method against a number we trust
3128L7UY1,TNTD03152946,3128L7UY1 Mtge,validation-pool,pass-through,15.44,no,our engine already prices this one -- used to check the factor method against a number we trust
31402BGQ1,TNTD03433613,31402BGQ1 Mtge,validation-pool,pass-through,14.89,yes,our engine already prices this one -- used to check the factor method against a number we trust
31416BZ68,TNTD03433547,31416BZ68 Mtge,validation-pool,pass-through,14.18,yes,our engine already prices this one -- used to check the factor method against a number we trust
31402RJL4,TNTD03395043,31402RJL4 Mtge,validation-pool,pass-through,12.99,no,our engine already prices this one -- used to check the factor method against a number we trust
31410GQ55,TNTD03417698,31410GQ55 Mtge,validation-pool,pass-through,11.60,no,our engine already prices this one -- used to check the factor method against a number we trust
31402RH28,TNTD03393892,31402RH28 Mtge,validation-pool,pass-through,11.11,no,our engine already prices this one -- used to check the factor method against a number we trust
31403DWU9,TNTD03412496,31403DWU9 Mtge,validation-pool,pass-through,10.98,no,our engine already prices this one -- used to check the factor method against a number we trust
312962EA7,TNTD03140176,312962EA7 Mtge,validation-pool,pass-through,10.82,yes,our engine already prices this one -- used to check the factor method against a number we trust
31415RFH2,TNTD03430022,31415RFH2 Mtge,validation-pool,pass-through,10.74,no,our engine already prices this one -- used to check the factor method against a number we trust
3128M6UU0,TNTD03199481,3128M6UU0 Mtge,validation-pool,pass-through,10.40,no,our engine already prices this one -- used to check the factor method against a number we trust
31411SNF9,TNTD03374255,31411SNF9 Mtge,validation-pool,pass-through,9.51,no,our engine already prices this one -- used to check the factor method against a number we trust
31410EPE2,TNTD03420520,31410EPE2 Mtge,validation-pool,pass-through,9.34,no,our engine already prices this one -- used to check the factor method against a number we trust
3128NGF75,TNTD03137050,3128NGF75 Mtge,validation-pool,pass-through,9.02,no,our engine already prices this one -- used to check the factor method against a number we trust
