cusip,asset_id,security,why_this_one,description,question,what_it_settles,answer_here
31396XJY1,TNTD03416170,31396XJY1 Mtge,"largest tranche position, $15.7M",FEDERAL NATIONAL MORTGAGE ASSOC 6% CMO,Q1_is_the_factor_field_history_enabled,"THE ONE THAT MATTERS MOST. FLDS on this security -- is there a factor field, and does it carry history back to 2009? Please paste the exact field name. A factor is a published monthly fact, so this should be the easy one.",
31396XJY1,TNTD03416170,31396XJY1 Mtge,"largest tranche position, $15.7M",FEDERAL NATIONAL MORTGAGE ASSOC 6% CMO,Q2_can_a_projection_be_dated_to_2009,"Can a cash flow projection be run AS OF 2009-03-31, or only forward from today? We expect 'only forward' -- a projection is computed off today's collateral. A clear no is a useful answer and closes the question.",
31396XJY1,TNTD03416170,31396XJY1 Mtge,"largest tranche position, $15.7M",FEDERAL NATIONAL MORTGAGE ASSOC 6% CMO,Q3_is_there_a_cash_flow_table,"Does the terminal show a projected cash flow table for THIS tranche (date, interest, principal), and can it be exported to Excel?",
31396XJY1,TNTD03416170,31396XJY1 Mtge,"largest tranche position, $15.7M",FEDERAL NATIONAL MORTGAGE ASSOC 6% CMO,Q4_what_cmo_fields_exist,"Any other CMO-specific fields worth knowing about (tranche type, deal name, PAC bands, original tranche amount)? Exact names please -- we are deliberately not guessing them.",
31396XJY1,TNTD03416170,31396XJY1 Mtge,"largest tranche position, $15.7M",FEDERAL NATIONAL MORTGAGE ASSOC 6% CMO,Q5_what_does_DES_call_it,"What does DES call the tranche type? Our guess from the description text is unreliable: of the 54 tranches whose class letter starts with P, 29 are PRINCIPAL ONLY strips rather than PACs.",
31396XDP6,TNTD03415261,31396XDP6 Mtge,"largest PO strip, $5.0M",FNMA REMIC SER 2007-80 CL WO 25 AUG 2037,Q1_is_the_factor_field_history_enabled,"THE ONE THAT MATTERS MOST. FLDS on this security -- is there a factor field, and does it carry history back to 2009? Please paste the exact field name. A factor is a published monthly fact, so this should be the easy one.",
31396XDP6,TNTD03415261,31396XDP6 Mtge,"largest PO strip, $5.0M",FNMA REMIC SER 2007-80 CL WO 25 AUG 2037,Q2_can_a_projection_be_dated_to_2009,"Can a cash flow projection be run AS OF 2009-03-31, or only forward from today? We expect 'only forward' -- a projection is computed off today's collateral. A clear no is a useful answer and closes the question.",
31396XDP6,TNTD03415261,31396XDP6 Mtge,"largest PO strip, $5.0M",FNMA REMIC SER 2007-80 CL WO 25 AUG 2037,Q3_is_there_a_cash_flow_table,"Does the terminal show a projected cash flow table for THIS tranche (date, interest, principal), and can it be exported to Excel?",
31396XDP6,TNTD03415261,31396XDP6 Mtge,"largest PO strip, $5.0M",FNMA REMIC SER 2007-80 CL WO 25 AUG 2037,Q4_what_cmo_fields_exist,"Any other CMO-specific fields worth knowing about (tranche type, deal name, PAC bands, original tranche amount)? Exact names please -- we are deliberately not guessing them.",
31396XDP6,TNTD03415261,31396XDP6 Mtge,"largest PO strip, $5.0M",FNMA REMIC SER 2007-80 CL WO 25 AUG 2037,Q5_what_does_DES_call_it,"What does DES call the tranche type? Our guess from the description text is unreliable: of the 54 tranches whose class letter starts with P, 29 are PRINCIPAL ONLY strips rather than PACs.",
31392PPG4,TNTD03131620,31392PPG4 Mtge,"a Z accrual tranche, $3.9M -- the hardest case",FHLMC SER 2460 CL VZ 6.0% 15 NOV 2029,Q1_is_the_factor_field_history_enabled,"THE ONE THAT MATTERS MOST. FLDS on this security -- is there a factor field, and does it carry history back to 2009? Please paste the exact field name. A factor is a published monthly fact, so this should be the easy one.",
31392PPG4,TNTD03131620,31392PPG4 Mtge,"a Z accrual tranche, $3.9M -- the hardest case",FHLMC SER 2460 CL VZ 6.0% 15 NOV 2029,Q2_can_a_projection_be_dated_to_2009,"Can a cash flow projection be run AS OF 2009-03-31, or only forward from today? We expect 'only forward' -- a projection is computed off today's collateral. A clear no is a useful answer and closes the question.",
31392PPG4,TNTD03131620,31392PPG4 Mtge,"a Z accrual tranche, $3.9M -- the hardest case",FHLMC SER 2460 CL VZ 6.0% 15 NOV 2029,Q3_is_there_a_cash_flow_table,"Does the terminal show a projected cash flow table for THIS tranche (date, interest, principal), and can it be exported to Excel?",
31392PPG4,TNTD03131620,31392PPG4 Mtge,"a Z accrual tranche, $3.9M -- the hardest case",FHLMC SER 2460 CL VZ 6.0% 15 NOV 2029,Q4_what_cmo_fields_exist,"Any other CMO-specific fields worth knowing about (tranche type, deal name, PAC bands, original tranche amount)? Exact names please -- we are deliberately not guessing them.",
31392PPG4,TNTD03131620,31392PPG4 Mtge,"a Z accrual tranche, $3.9M -- the hardest case",FHLMC SER 2460 CL VZ 6.0% 15 NOV 2029,Q5_what_does_DES_call_it,"What does DES call the tranche type? Our guess from the description text is unreliable: of the 54 tranches whose class letter starts with P, 29 are PRINCIPAL ONLY strips rather than PACs.",
