Maturity,Monthly_Rate,Monthly_DF,Quarterly_Rate,Quarterly_DF,Semiannual_Rate,Semiannual_DF,Annual_Rate,Annual_DF
0.0,3.853805114366602,1.0,3.841494457077896,1.0,3.6170935092769807,1.0,3.3415433539403647,1.0
0.08333333333333333,3.853805114366602,0.9967936471018224,3.841494457077896,0.996803873141757,3.6170935092769807,0.9969902936831953,3.3415433539403647,0.9972192539949544
0.16666666666666666,3.85380511436655,0.9935975749025525,3.841494457077896,0.993617961510408,3.6170935092769807,0.9939896456985038,3.3415433539403647,0.9944462405382533
0.25,3.853805114366514,0.9904117504386416,3.841494457077896,0.990442232456792,3.6170935092769807,0.9909980287830065,3.3415433539403647,0.9916809381276439
0.3333333333333333,3.84601483797277,0.9872617773264346,3.771829147386719,0.9875059431703439,3.6170935092769807,0.9880154157558372,3.3415433539403647,0.9889233253206655
0.4166666666666667,3.651000944845632,0.9849026216788815,3.702163837695542,0.9846926837764043,3.6170935092769807,0.9850417795179364,3.3415433539403647,0.9861733807344837
0.5,3.643391993067005,0.9819479658490539,3.632498528004365,0.9820014513849442,3.6170935092769807,0.9820770930518046,3.3415433539403647,0.9834310830457239
0.5833333333333334,3.64105955017645,0.9789844559617444,3.5906169530535172,0.9792725630384608,3.5754703386743394,0.9793590907336518,3.3415433539403647,0.9806964109903068
0.6666666666666666,3.5789640097736304,0.9764226336031046,3.5487353781026703,0.9766194262326541,3.533847168071698,0.9767163651443179,3.3415433539403647,0.9779693433632829
0.75,3.5168378196129453,0.9739685322168379,3.5068538031518224,0.9740414658313798,3.4922239974690563,0.974148346975252,3.3415433539403647,0.9752498590186683
0.8333333333333334,3.4546788782480853,0.9716214640489964,3.4648391895513746,0.9715392010604214,3.450600826866415,0.9716544839621797,3.3415433539403647,0.9725379368692809
0.9166666666666666,3.392487018197752,0.9693807652630142,3.422824575950928,0.9691112234983787,3.4089776562637737,0.969234240687236,3.3415433539403647,0.9698335558865763
1.0,3.390251411247178,0.9666657363115503,3.3808099623504804,0.9667570078716571,3.3673544856611324,0.9668870983874471,3.3415433539403647,0.9671366951004855
1.0833333333333333,3.3652287772142646,0.9641998957932492,3.355893437432184,0.9642974130054177,3.3425724853394763,0.9644365811096585,3.317037242636061,0.9647034118384045
1.1666666666666667,3.340171306898316,0.9617808458393045,3.330976912513886,0.961884019617585,3.31779048501782,0.962032008829396,3.2925311313317573,0.9623155541856472
1.25,3.3150825168359646,0.9594083069564654,3.3060603875955894,0.9595165118795889,3.2930084846961636,0.9596730686045545,3.2680250200274528,0.9599728148840345
1.3333333333333333,3.289965173091474,0.9570820042700076,3.2810544522802276,0.9571957215656746,3.2682264843745084,0.9573594539142406,3.243518908723149,0.9576748929513886
1.4166666666666667,3.2648215128036444,0.9548016674827091,3.2560485169648654,0.9549203415304943,3.2434444840528522,0.9550908645924466,3.219012797418845,0.9554214936171397
1.5,3.239653391856741,0.9525670308345062,3.231042581649504,0.9526900743893032,3.218662483731196,0.9528670067631967,3.1945066861145412,0.9532123282593543
1.5833333333333333,3.214462385892535,0.95037783306282,3.2059648274740566,0.9505057099418416,3.193737817472931,0.9506897402662218,3.1700005748102376,0.9510471143431695
1.6666666666666667,3.189249860993643,0.9482338173635486,3.1808870732986083,0.9483659912095141,3.1688131512146667,0.9485568520306078,3.145494463505933,0.9489255753606095
1.75,3.164017024147582,0.9461347313527151,3.155809319123161,0.9462706390218147,3.1438884849564017,0.9464680654830011,3.1209883522016293,0.9468474407717729
1.8333333333333333,3.1387649599244867,0.9440803270287659,3.1306708863836206,0.9442204307761841,3.118963818698137,0.9444231101549408,3.0964822408973256,0.9448124459473661
1.9166666666666667,3.113494657564219,0.9420703607355109,3.1055324536440803,0.942214140035686,3.094039152439872,0.9424217216245221,3.0719761295930215,0.9428203321125733
2.0,3.0882070312697776,0.9401045931256998,3.08039402090454,0.9402515055422932,3.0691144861816073,0.9404636414594391,3.0474700182887173,0.9408708462922394
2.0833333333333335,3.0747912306184606,0.9379504555275675,3.067024454331318,0.9381022355434284,3.0558061700918344,0.938321509031184,3.034281906437983,0.9387423675426161
2.1666666666666665,3.0613541817190786,0.9358226091506845,3.053654887758096,0.9359787342621003,3.042497854002062,0.936205021115691,3.021093794587248,0.9366392912097115
2.25,3.0478973386028443,0.9337209163968941,3.0402853211848737,0.9338808488396299,3.029189537912289,0.9341140260841413,3.0079056827365136,0.9345614680346979
2.3333333333333335,3.0344219689072727,0.9316452411758279,3.026859680528942,0.931809647646643,3.015881221822516,0.9320483743425098,2.9947175708857787,0.9325087507548713
2.4166666666666665,3.020929186138626,0.9295954488935632,3.01343403987301,0.9297638442789432,3.0025729057327437,0.9300079183137628,2.9815294590350443,0.9304809940862891
2.5,3.007419975479398,0.9275714064414099,3.0000083992170783,0.9277432915206,2.9892645896429713,0.9279925124203191,2.9683413471843094,0.9284780547066652
2.5833333333333335,2.993895214598468,0.9255729821848222,2.986535581236948,0.9257489724240511,2.9758628556455196,0.9260042477863727,2.955153235333575,0.9264997912385159
2.6666666666666665,2.9803556905568844,0.9236000459524383,2.973062763256818,0.9237796833660259,2.9624611216480687,0.924040882449567,2.94196512348284,0.9245460642325571
2.75,2.9668021136376708,0.9216524690252418,2.9595899452766874,0.9218352827551547,2.949059387650617,0.9221022760007074,2.9287770116321052,0.9226167361513482
2.8333333333333335,2.953235128732733,0.9197301241258484,2.9460763340319143,0.9199166942220485,2.9356576536531658,0.9201882899840715,2.915588899781371,0.920711671353181
2.9166666666666665,2.939655324775487,0.9178328854079147,2.932562722787141,0.9180227748958752,2.922255919655715,0.9182987878809524,2.902400787930636,0.9188307360762097
3.0,2.9260632425992177,0.915960628445667,2.919049111542368,0.9161533887623725,2.9088541856582633,0.9164336350934537,2.8892126760799015,0.9169737984228212
3.0833333333333335,2.937448250394419,0.9134091862720407,2.930368194259597,0.9136086068444902,2.9200722086488695,0.9138986866693491,2.90023026186284,0.9144579748838308
3.1666666666666665,2.9488265452031865,0.9108477613525392,2.9416872769768254,0.911053706203261,2.9312902316394758,0.911353710699048,2.911247847645778,0.9119323081561962
3.25,2.960199690796886,0.9082764467448915,2.9530063596940543,0.9084888113970407,2.9425082546300816,0.9087988301386583,2.9222654334287164,0.9093969180529816
3.3333333333333335,2.9715691089881515,0.9056953356282964,2.9643137852969663,0.9059143992110347,2.9537262776206874,0.9062341681555083,2.933283019211655,0.9068519245901334
3.4166666666666665,2.9829360970750143,0.9031045212989735,2.9756212108998783,0.9033302581547047,2.9649443006112937,0.9036598481183573,2.9443006049945932,0.9042974479771128
3.5,2.9943018427952706,0.9005040971657176,2.9869286365027903,0.9007365132399787,2.9761623236018995,0.9010759935876135,2.9553181907775317,0.9017336086075374
3.5833333333333335,3.005667437196358,0.89789415674546,2.9982350613942623,0.8981333218692106,2.987377698422172,0.8984828135650809,2.96633577656047,0.8991605270498324
3.6666666666666665,3.0170338857524244,0.8952747936588351,3.0095414862857344,0.8955207785134361,2.998593073242444,0.8958803501657955,2.977353362343408,0.8965783240378915
3.75,3.0284021180013343,0.892646101625751,3.020847911177207,0.8928990086938815,3.0098084480627163,0.8932687274293368,2.9883709481263465,0.8939871204617494
3.8333333333333335,3.0397729959267856,0.8900081744609681,3.0321616595278726,0.8902678881590401,3.0210238228829884,0.890648069547723,2.999388533909285,0.8913870373582675
3.9166666666666665,3.051147321272567,0.8873611060696824,3.0434754078785393,0.8876277833046043,3.032239197703261,0.8880185008556948,3.010406119692223,0.8887781959018315
4.0,3.0625258419446344,0.8847049904431157,3.0547891562292055,0.8849788201901013,3.043454572523533,0.8853801458210135,3.0214237054751614,0.8861607173950646
4.083333333333333,3.0739092576313998,0.8820399216541127,3.0661169150656735,0.8823206202291771,3.0546967323874354,0.8827321635701186,3.0324931022327273,0.8835328540423986
4.166666666666667,3.0852982247517167,0.8793659938527449,3.077444673902142,0.8796537970037789,3.065938892251338,0.8800756107942547,3.043562498990293,0.880896531676072
4.25,3.0966933608228544,0.8766833012619217,3.08877243273861,0.8769784771217858,3.077181052115241,0.8774106126867023,3.054631895747859,0.878251872665416
4.333333333333333,3.108095248326596,0.8739919381730088,3.1001197157861307,0.8742940475916743,3.0884232119791433,0.8747372945368065,3.065701292505425,0.8755989994742197
4.416666666666667,3.1195044381397623,0.8712919989414543,3.111466998833651,0.8716013510942268,3.099665371843046,0.8720557817203098,3.0767706892629905,0.8729380346514226
4.5,3.1309214525856874,0.8685835779824226,3.1228142818811717,0.8689005147819768,3.1109075317069483,0.869366199689707,3.087840086020557,0.8702691008218281
4.583333333333333,3.1423467881548546,0.8658667697664383,3.1341857473781993,0.8661907058221274,3.1221963371725425,0.8666668210953546,3.0989094827781223,0.8675923206768367
4.666666666666667,3.153780917936206,0.8631416688150353,3.1455572128752265,0.8634729827694362,3.133485142638137,0.8639595687887192,3.109978879535688,0.8649078169652036
4.75,3.165224293794576,0.8604083696964169,3.156928678372254,0.8607474733072209,3.144773948103731,0.8612445690774063,3.121048276293254,0.8622157124838165
4.833333333333333,3.1766773483249606,0.8576669670211252,3.1683283519887224,0.8580131353495749,3.1560627535693255,0.8585219483098896,3.13211767305082,0.8595161300685003
4.916666666666667,3.1881404966101887,0.8549175554377176,3.1797280256051907,0.855271233725389,3.1673515590349193,0.8557918328658892,3.1431870698083855,0.8568091925848439
5.0,3.199614137804871,0.8521602296284554,3.191127699221659,0.8525218966272381,3.178640364500514,0.8530543491467761,3.1542564665659514,0.8540950229190558
5.083333333333333,3.210239849673177,0.8494321663206913,3.2017041647533078,0.8498008126299661,3.189141360677341,0.8503436765737004,3.164604836873133,0.85140494924263
5.166666666666667,3.2208758288325665,0.846697392600585,3.2122806302849574,0.8470734819325574,3.1996423568541683,0.8476267824504474,3.174953207180315,0.8487087102263646
5.25,3.231522389825469,0.8439559940760375,3.2228570958166065,0.8443400205796151,3.210143353030996,0.8449037816027669,3.185301577487497,0.8460064182522621
5.333333333333333,3.242179837434113,0.8412080563431362,3.2334654313881392,0.8415991140688981,3.220644349207823,0.8421747888086505,3.195649947794679,0.843298185658158
5.416666666666667,3.252848467535689,0.8384536649826589,3.244073766959671,0.8388522736126802,3.2311453453846504,0.8394399187904625,3.205998318101861,0.8405841247301243
5.5,3.2635285678814636,0.8356929055565894,3.2546821025312034,0.8360996155503627,3.241646341561478,0.8366992862071023,3.216346688409043,0.8378643476949014
5.583333333333333,3.2742204188078223,0.8329258636046425,3.2653248646701187,0.8333396543433116,3.2522141234834554,0.8339498959490063,3.2266950587162246,0.8351389667123583
5.666666666666667,3.2849242938863115,0.8301526246407994,3.2759676268090345,0.8305740709551183,3.262781905405433,0.8311949002358205,3.237043429023406,0.8324080938679851
5.75,3.2956404605188143,0.8273732741498553,3.28661038894795,0.8278029819917927,3.2733496873274106,0.8284344144716095,3.2473917993305887,0.8296718411654136
5.833333333333333,3.3063691804835087,0.8245878975839748,3.2972899519104066,0.8250247328691918,3.283917469249388,0.8256685539677875,3.2577401696377706,0.8269303205189715
5.916666666666667,3.3171107104363107,0.8217965803592628,3.307969514872864,0.8222411726040753,3.2944852511713654,0.8228974339353162,3.2680885399449524,0.8241836437462678
6.0,3.327865302372369,0.8189994078523423,3.3186490778353206,0.8194524180384152,3.3050530330933428,0.8201211694769378,3.278436910252134,0.8214319225608108
6.083333333333333,3.3386332040512707,0.8161964653969468,3.3293676778206134,0.8166566465363376,3.3156965539609886,0.8173361097334406,3.2889290444142323,0.8186681087612891
6.166666666666667,3.349414659389597,0.8133878382805222,3.3400862778059057,0.8138558744012969,3.326340074828635,0.8145460582844062,3.29942117857633,0.8158993265035277
6.25,3.3602099088237734,0.8105736117408415,3.3508048777911985,0.8110502186786263,3.336983595696281,0.8117511309862201,3.309913312738428,0.813125689261323
6.333333333333333,3.371019189646064,0.8077538709626312,3.3615646473307814,0.8082376888666541,3.3476271165639266,0.8089514435577937,3.3204054469005264,0.8103473103779711
6.416666666666667,3.3818427363161416,0.8049287010742096,3.3723244168703648,0.8054204685471763,3.358270637431573,0.8061471115728382,3.3308975810626236,0.8075643030587959
6.5,3.392680780750486,0.8020981871441369,3.383084186409948,0.802598674934718,3.368914158299219,0.8033382504521797,3.341389715224722,0.8047767803637166
6.583333333333333,3.40353355259157,0.7992624141778798,3.393887181498344,0.7997701491850709,3.3796415536526276,0.8005205551799567,3.35188184938682,0.8019848551998516
6.666666666666667,3.4144012794587035,0.7964214671144842,3.4046901765867394,0.7969372427745917,3.3903689490060374,0.7976984807535986,3.3623739835489177,0.7991886403141631
6.75,3.425284187182038,0.7935754308232665,3.415493171675135,0.7941000730515654,3.4010963443594466,0.7948721433438549,3.372866117711016,0.7963882482861393
6.833333333333333,3.436182500021343,0.7907243901005125,3.42634139347789,0.7912563118022349,3.4118237397128555,0.7920416589391523,3.3833582518731142,0.7935837915205178
6.916666666666667,3.4470964408707663,0.7878684296661919,3.4371896152806456,0.7884084795346271,3.422551135066265,0.7892071433379605,3.393850386035212,0.7907753822400497
7.0,3.458026231450815,0.7850076341606858,3.4480378370834,0.7855566936943281,3.433278530419674,0.786368712141202,3.40434252019731,0.7879631324783041
7.083333333333333,3.4687190832200088,0.7821561054186356,3.4586814214247266,0.78271241697164,3.443847443211027,0.7835352765433676,3.41476138227189,0.7851512290802016
7.166666666666667,3.479427843032589,0.7793001579760386,3.4693250057660525,0.7798646041831669,3.45441635600238,0.7806982983431567,3.4251802443464707,0.7823357749637968
7.25,3.4901527174802043,0.7764398735660205,3.479968590107379,0.777013369046247,3.4649852687937326,0.777857890131514,3.4355991064210514,0.7795168804647885
7.333333333333333,3.500893912796731,0.7735753338255995,3.490660123565651,0.7741561028996993,3.4755541815850854,0.7750141642716616,3.4460179684956316,0.7766946557011735
7.416666666666667,3.5116516349858897,0.7707066202926763,3.5013516570239234,0.7712955996017494,3.4861230943764387,0.7721672328920254,3.4564368305702122,0.7738692105663947
7.5,3.5224260899421656,0.7678338144030371,3.5120431904821956,0.7684319728682988,3.496692007167791,0.7693172078792073,3.466855692644792,0.7710406547225368
7.583333333333333,3.5332174835655588,0.7649569974873712,3.5227844951883447,0.7655624466778975,3.5073575590466506,0.7664585838861792,3.477274554719372,0.7682090975935632
7.666666666666667,3.5440260218706823,0.7620762507683028,3.533525799894495,0.7626899821182642,3.5180231109255096,0.7635970081902029,3.487693416793953,0.7653746483586008
7.75,3.5548519110907195,0.7591916553574334,3.544267104600644,0.7598146928673047,3.528688662804369,0.7607325933549368,3.498112278868533,0.7625374159452695
7.833333333333333,3.5656953577765167,0.7563032922524046,3.5550600051175967,0.7569336330432633,3.5393542146832284,0.7578654516739067,3.5085311409431137,0.7596975090230579
7.916666666666667,3.5765565688914194,0.7534112423339672,3.5658529056345487,0.7540499335023754,3.5500197665620874,0.754995695163551,3.5189500030176943,0.7568550359967468
8.0,3.5874357519019697,0.7505155863630717,3.5766458061515007,0.7511637078475938,3.560685318440947,0.7521234355563147,3.529368865092274,0.7540101049998787
8.083333333333334,3.598333114864986,0.7476164049779681,3.587492137407739,0.7482718376024781,3.5714546170285826,0.7492425009757618,3.539983896272841,0.7511509127917623
8.166666666666666,3.6092488665112015,0.7447137786913235,3.5983384686639774,0.7453776261580091,3.5822239156162192,0.7463592051353061,3.5505989274534078,0.7482893239457109
8.25,3.620183216325814,0.7418077878873519,3.6091847999202153,0.7424811870048994,3.5929932142038554,0.7434736604252362,3.5612139586339744,0.7454254486510591
8.333333333333334,3.6311363746261476,0.7388985128189614,3.6200864141648887,0.7395792261274537,3.603762512791491,0.7405859789231879,3.5718289898145414,0.7425593967975145
8.416666666666666,3.6421085526367163,0.7359860336049129,3.6309880284095617,0.7366752224224242,3.614531811379128,0.7376962723873209,3.5824440209951076,0.7396912779685441
8.5,3.6530999625618654,0.7330704302269976,3.641889642654235,0.7337692892307232,3.6253011099667636,0.7348046522495524,3.5930590521756747,0.7368212014348101
8.583333333333334,3.6641108176562076,0.730151782527227,3.6528484156540126,0.7308579538618072,3.636181395901262,0.7319042571527162,3.6036740833562417,0.7339492761476624
8.666666666666666,3.675141332293085,0.7272301702050376,3.6638071886537906,0.7279448738762667,3.64706168183576,0.7290020906882807,3.6142891145368083,0.7310756107326809
8.75,3.6861917220311256,0.7243056728145143,3.6747659616535686,0.7250301624274235,3.6579419677702583,0.7260982649251585,3.6249041457173754,0.7282003134832741
8.833333333333334,3.69726220367919,0.7213783697616262,3.685783798304252,0.7221101648384108,3.6688222537047563,0.7231928915769612,3.6355191768979416,0.7253234923543308
8.916666666666666,3.70835299535977,0.7184483403014779,3.696801634954936,0.7191887206647787,3.679702539639255,0.720286081995328,3.646134208078508,0.7224452549559274
9.0,3.71946431657099,0.7155156635355788,3.7078194716056196,0.7162659428342747,3.690582825573753,0.7173779471633127,3.6567492392590752,0.7195657085470891
9.083333333333334,3.7305963882473954,0.7125804184091262,3.718898311095916,0.7133379912082007,3.701581563698582,0.7144609104715501,3.6675880429216043,0.7166703928388397
9.166666666666666,3.741749432819577,0.7096426837083052,3.729977150586213,0.710408890830348,3.7125803018234107,0.7115426916021655,3.6784268465841348,0.7137738328018663
9.25,3.7529236742728185,0.7067025380576036,3.74105599007651,0.7074787543647377,3.72357903994824,0.7086234021533752,3.689265650246664,0.710876137903753
9.333333333333334,3.7641193382048264,0.7037600599171442,3.7521978107143674,0.7045435525804382,3.7345777780730693,0.7057031533253093,3.7001044539091934,0.707977417230044
9.416666666666666,3.7753366518826685,0.7008153275800322,3.763339631352224,0.7016074996565851,3.745576516197898,0.7027820559135085,3.7109432575717234,0.7050777794779288
9.5,3.786575844298999,0.6978684191697192,3.774481451990082,0.6986707079551736,3.756575254322727,0.6998602203024836,3.721782061234253,0.7021773329499876
9.583333333333334,3.797837146227687,0.6949194126373841,3.7856882757813635,0.6957289553746165,3.7677002106104944,0.6969293264158415,3.7326208648967825,0.6992761855479978
9.666666666666666,3.809120790278907,0.6919683857593298,3.796895099572644,0.6927866490241196,3.778825166898262,0.6939978386619317,3.7434596685593124,0.6963744447668017
9.75,3.8204270109537877,0.6890154161343963,3.8081019233639255,0.6898439009252187,3.7899501231860295,0.6910658680180067,3.754298472221842,0.6934722176882369
9.833333333333334,3.8317560446986927,0.6860605811813916,3.8193758204173798,0.6868962921842032,3.801075079473798,0.6881335250202982,3.765137275884371,0.690569610975129
9.916666666666666,3.8431081299591967,0.6831039581365381,3.830649717470833,0.6839484267783046,3.8122000357615655,0.685200919757699,3.7759760795469015,0.6876667308653458
10.0,3.8544835072338626,0.6801456240509359,3.8419236145242874,0.6810004163500407,3.8233249920493333,0.6822681618655138,3.7868148832094306,0.6847636831659165
10.083333333333334,3.8623072001611454,0.6774298260697986,3.8497100045768984,0.6782908558328177,3.8310552022317155,0.6795679392394317,3.794433015554693,0.682082044126436
10.166666666666666,3.870147699469897,0.6747149213147123,3.857496394629509,0.6755833087838269,3.838785412414097,0.6768696826926726,3.802051147899955,0.6794022804455899
10.25,3.8780050749316057,0.6720009530838265,3.86528278468212,0.6728778372985473,3.8465156225964794,0.6741734538073159,3.809669280245217,0.6767244526706773
10.333333333333334,3.885879399019406,0.6692879645170317,3.8731191727772125,0.6701710407197857,3.8542458327788616,0.6714793138423181,3.817287412590479,0.6740486210371426
10.416666666666666,3.893770746858515,0.6665759985952406,3.880955560872306,0.6674664152154345,3.8619760429612437,0.668787323731648,3.8249055449357408,0.671374845466752
10.5,3.9016791961799537,0.6638650981396756,3.8887919489673988,0.6647640225289339,3.869706253143626,0.6660975440824523,3.832523677281004,0.6687031855657959
10.583333333333334,3.909604827277355,0.6611553058111643,3.8966790160632314,0.6620603730782433,3.8775353557458043,0.6634030918842421,3.8401418096262656,0.6660337006233197
10.666666666666666,3.9175477229666966,0.6584466641094444,3.9045660831590645,0.6593590521847451,3.8853644583479827,0.6607109177541349,3.847759941971528,0.6633664496093806
10.75,3.925507968548905,0.6557392153724725,3.912453150254897,0.6566601212205043,3.8931935609501602,0.6580210825621172,3.85537807431679,0.6607014911733327
10.833333333333334,3.933485651775043,0.6530330017757453,3.920391644456324,0.6539599978150042,3.9010226635523386,0.6553336468393909,3.862996206662052,0.6580388836421377
10.916666666666666,3.941480862814104,0.6503280653316251,3.9283301386577505,0.6512623602633899,3.908851766154517,0.6526486707765992,3.870614339007314,0.6553786850187049
11.0,3.94949369422322,0.6476244478886739,3.936268632859177,0.6485672695475443,3.9166808687566954,0.6499662142220826,3.8782324713525758,0.6527209529802563
11.083333333333334,3.9575242409201725,0.6449221911309957,3.944259366575197,0.6458710467701327,3.9246118604825386,0.6472790271037685,3.8860447555682085,0.6500517565881655
11.166666666666666,3.965572600158122,0.6422213365775866,3.952250100291218,0.6431774669020907,3.9325428522083823,0.6445944292431706,3.89385703978384,0.6473850461266359
11.25,3.973638871502482,0.6395219255816913,3.9602408340072377,0.6404865905167836,3.9404738439342264,0.6419124807254084,3.901669323999472,0.6447208806983987
11.333333333333334,3.981723156809787,0.6368239993301684,3.9682846816961588,0.637794638557071,3.94840483566007,0.6392332412811631,3.909481608215105,0.6420593190641376
11.416666666666666,3.9898255602085055,0.6341275988428643,3.97632852938508,0.6351054862726443,3.9563358273859137,0.6365567702849999,3.9172938924307372,0.6394004196408429
11.5,3.9979461880817504,0.6314327649719924,3.984372377074001,0.6324191938104325,3.9642668191117574,0.633883126753722,3.9251061766463686,0.6367442405001936
11.583333333333334,4.006085149051744,0.6287395384015219,3.9924702735008117,0.6297318784082145,3.9723031836600544,0.6312046650122558,3.9329184608620014,0.6340908393669694
11.666666666666666,4.014242553966017,0.6260479596465736,4.0005681699276225,0.627047519115353,3.9803395482083523,0.6285291025246224,3.9407307450776337,0.631440273617492
11.75,4.022418515885265,0.6233580690528235,4.008666066354434,0.62436617563479,3.98837591275665,0.6258564985216777,3.948543029293266,0.6287926002780945
11.833333333333334,4.030613150072781,0.6206699067959149,4.01681900529833,0.621683858025953,3.996412277304947,0.6231869118641911,3.9563553135088982,0.6261478760236211
11.916666666666666,4.03882657398545,0.6179835128808765,4.0249719442422265,0.6190046525919219,4.004448641853245,0.6205204010412717,3.96416759772453,0.6235061571759555
12.0,4.047058907266213,0.6152989271415488,4.033124883186123,0.6163286185744251,4.012485006401542,0.6178570241688272,3.9719798819401624,0.6208674997025774
12.083333333333334,4.055310271737949,0.6126161892400201,4.041333916547124,0.6136516554391955,4.020630688991269,0.6151887127446727,3.9800000648133245,0.6182164287509033
12.166666666666666,4.063580791398767,0.6099353386660676,4.049542949908124,0.6109779601438388,4.028776371580996,0.6125236090761342,3.9880202476864866,0.6155684493892375
12.25,4.071870592418627,0.6072564147366073,4.057751983269125,0.6083075914519267,4.036922054170723,0.6098617714730534,3.996040430559648,0.6129236190143567
12.333333333333334,4.080179803137258,0.6045794565951516,4.06601822053176,0.6056363348653863,4.0450677367604495,0.6072032578595385,4.00406061343281,0.6102819946508065
12.416666666666666,4.088508554063351,0.6019045032112744,4.074284457794393,0.6029685013562441,4.053213419350176,0.604548125772502,4.012080796305972,0.6076436329494581
12.5,4.096856977874959,0.5992315933800847,4.0825506950570265,0.6003041491932187,4.061359101939903,0.6018964323602309,4.020100979179134,0.6050085901860959
12.583333333333334,4.1052252094211115,0.5965607657217059,4.090875303076624,0.5976389465780205,4.069618496645527,0.599239659934429,4.0281211620522965,0.6023769222600367
12.666666666666666,4.113613385724571,0.5938920586807653,4.099199911096221,0.5949773218272988,4.07787789135115,0.5965864020482502,4.036141344925458,0.5997486846927811
12.75,4.122021645985742,0.5912255105258891,4.1075245191158185,0.5923193326984316,4.086137286056775,0.5939367160258034,4.04416152779862,0.5971239326266928
12.833333333333334,4.130450131587667,0.5885611593492063,4.115908722199251,0.58966052677966,4.094396680762398,0.5912906587898125,4.052181710671782,0.5945027208237129
12.916666666666666,4.138898986102108,0.5858990430658604,4.124292925282682,0.5870054530430462,4.102656075468022,0.5886482868602717,4.060201893544944,0.5918851036641017
13.0,4.147368355296713,0.5832391994135271,4.132677128366114,0.5843541687183197,4.110915470173645,0.5860096563531344,4.068222076418106,0.5892711351452139
13.083333333333334,4.155858387143178,0.5805816659519419,4.141122208624106,0.581702097480443,4.119293417554372,0.583365774531378,4.07646735088349,0.5866435922752281
13.166666666666666,4.164369231826456,0.5779264800624339,4.149567288882098,0.5790539122577687,4.1276713649351,0.5807257121578976,4.084712625348875,0.5840197398156631
13.25,4.172901041754954,0.575273678947467,4.158012369140089,0.5764096697362154,4.136049312315827,0.5780895255078499,4.09295789981426,0.5813996332134443
13.333333333333334,4.181453971571721,0.5726232996301902,4.166519667092785,0.5737646663820877,4.144427259696554,0.5754572704393407,4.101203174279645,0.5787833275130435
13.416666666666666,4.190028178166598,0.5699753789539941,4.17502696504548,0.5711237023798303,4.152805207077282,0.5728290023922052,4.10944844874503,0.5761708773552654
13.5,4.198623820689321,0.5673299535820754,4.183534262998175,0.5684868338555042,4.161183154458009,0.5702047763868239,4.117693723210413,0.5735623369760665
13.583333333333334,4.207241060563587,0.5646870599970091,4.192105178419477,0.5658492267673751,4.169684947795808,0.5675750989621117,4.1259389976757985,0.5709577602054094
13.666666666666666,4.215880061502013,0.5620467345003292,4.200676093840779,0.5632158118629942,4.178186741133608,0.564949543919037,4.134184272141184,0.5683572004661473
13.75,4.224540989522068,0.5594090132121142,4.209247009262081,0.5605866446926039,4.186688534471407,0.5623281664216024,4.142429546606569,0.5657607107729437
13.833333333333334,4.233224012962876,0.5567739320705839,4.217883002251634,0.557956757395102,4.195190327809206,0.5597110212010691,4.150674821071954,0.5631683437312235
13.916666666666666,4.241929302502948,0.5541415268317007,4.226518995241188,0.5553312146032043,4.203692121147005,0.5570981625548683,4.158920095537337,0.5605801515361584
14.0,4.250657031178808,0.5515118330687803,4.23515498823074,0.5527100712754316,4.212193914484804,0.5544896443455514,4.1671653700027225,0.5579961859716831
14.083333333333334,4.259407374404523,0.5488848861721086,4.243857580505346,0.5500882224004872,4.220825313537315,0.551875446633027,4.175656355852469,0.5553972789133492
14.166666666666666,4.268180509992111,0.5462607213485674,4.252560172779953,0.5474708698408146,4.229456712589826,0.5492656722121368,4.184147341702216,0.5528026533289141
14.25,4.276976618172844,0.5436393736212669,4.261262765054559,0.5448580679473395,4.238088111642337,0.5466603750740954,4.192638327551962,0.5502123624811773
14.333333333333334,4.285795881619447,0.5410208778291853,4.270033541453411,0.5422445712010149,4.246719510694848,0.5440596087616445,4.201129313401709,0.5476264592001401
14.416666666666666,4.294638485469164,0.5384052686268173,4.278804317852264,0.5396357220682473,4.255350909747359,0.541463426368108,4.209620299251455,0.5450449958820498
14.5,4.303504617347722,0.5357925804838283,4.287575094251117,0.5370315742764925,4.26398230879987,0.5388718805364807,4.218111285101202,0.5424680244884795
14.583333333333334,4.312394467394184,0.5331828476847172,4.2964157044515305,0.5344267384076934,4.272749560409167,0.5362743987754454,4.226602270950948,0.539895596545443
14.666666666666666,4.321308228286669,0.5305761043284872,4.305256314651945,0.5318267009430574,4.281516812018464,0.5336816391925445,4.2350932568006945,0.5373277631425434
14.75,4.330246095268987,0.5279723843283218,4.314096924852359,0.5292315149706687,4.2902840636277615,0.5310936545446979,4.243584242650441,0.5347645749321583
14.833333333333334,4.3392082661781535,0.5253717214112711,4.323009085294776,0.5266356437417068,4.299051315237058,0.5285104971245695,4.252075228500187,0.5322060821286589
14.916666666666666,4.348194941472794,0.5227741491179432,4.331921245737191,0.5240447212063843,4.307818566846356,0.5259322187597695,4.260566214349934,0.5296523345076631
15.0,4.3572063242624814,0.5201797008022038,4.340833406179607,0.5214587997974544,4.3165858184556525,0.5233588708120939,4.26905720019968,0.5271033814053246
15.083333333333334,4.366242620337929,0.5175884096308845,4.349818902202593,0.5188721919564365,4.325495683686771,0.5207793016311068,4.277818165068133,0.5245379111362994
15.166666666666666,4.375304038202148,0.5150003085834961,4.358804398225578,0.5162906826067614,4.334405548917889,0.51820475153659,4.286579129936586,0.5219773055302053
15.25,4.3843907891025085,0.5124154304519506,4.367789894248564,0.5137143235098054,4.343315414149008,0.5156352719893532,4.295340094805039,0.5194216154343605
15.333333333333334,4.393503087063712,0.5098338078402909,4.37685058243633,0.5111372727648218,4.352225279380127,0.513070913970095,4.304101059673492,0.5168708912327025
15.416666666666666,4.4026411489217345,0.5072554731644264,4.3859112706240975,0.5085654698292561,4.361135144611245,0.5105117279787628,4.3128620245419445,0.5143251828451209
15.5,4.411805194358691,0.504680458651878,4.394971958811864,0.5059989657769463,4.3700450098423635,0.5079577640339508,4.321622989410398,0.5117845397268268
15.583333333333334,4.420995445938667,0.5021087963415289,4.404109769558531,0.503431760772034,4.379104797593122,0.5053972639755402,4.330383954278851,0.509249010867762
15.666666666666666,4.43021212914454,0.4995405180833813,4.413247580305198,0.5008699524299131,4.388164585343881,0.502842078023261,4.339144919147304,0.5067186447920411
15.75,4.4394554724157285,0.4969756555383251,4.422385391051865,0.49831359112057316,4.397224373094639,0.5002922562792335,4.347905884015757,0.5041934895574336
15.833333333333334,4.448725707187005,0.49441424017790836,4.431602331348369,0.49575651541342947,4.406284160845399,0.49774784834952157,4.35666684888421,0.5016735927548805
15.916666666666666,4.45802306792826,0.4918563032841187,4.440819271644874,0.49320498477546487,4.415343948596157,0.4952089033436592,4.365427813752663,0.4991590015080487
16.0,4.467347792185316,0.4893018759491702,4.450036211941379,0.49065904885633027,4.424403736346917,0.49267546987421723,4.374188778621116,0.4966497624729199
16.083333333333332,4.4767001206217705,0.486750989075298,4.459334368392552,0.48811238089775083,4.433621343598344,0.4901351549761122,4.383248060117782,0.49412221365164555
16.166666666666668,4.486080297061892,0.48420367337456033,4.468632524843727,0.48557140598827814,4.4428389508497705,0.4876004474484457,4.392307341614448,0.49160010539704635
16.25,4.495488568534584,0.48165995936864736,4.4779306812949,0.4830361730405218,4.452056558101197,0.48507139597082655,4.401366623111113,0.48908348590595824
16.333333333333332,4.504925185318434,0.47911987738869716,4.48731222337585,0.48050018615553886,4.461274165352624,0.48254804871075024,4.410425904607779,0.48657240288086556
16.416666666666668,4.514390400987884,0.47658345757511855,4.4966937654568,0.47797003989650094,4.470491772604052,0.48003045332330285,4.4194851861044455,0.4840669035295582
16.5,4.523884472460484,0.4740507298774226,4.506075307537748,0.4754457824220242,4.479709379855478,0.47751865695090623,4.42854446760111,0.4815670345648284
16.583333333333332,4.5334076600453415,0.4715217240540585,4.515542491100332,0.4729207447927191,4.48909333893859,0.4749996023809185,4.437603749097776,0.4790728422042045
16.666666666666668,4.542960227492687,0.4689964696722593,4.5250096746629165,0.4704016949893685,4.498477298021701,0.4724864468680134,4.446663030594443,0.4765843721697255
16.75,4.552542442044656,0.4664749961078933,4.5344768582255,0.46788868039935766,4.507861257104811,0.4699792376037053,4.455722312091108,0.474101669687753
16.833333333333332,4.562154574487283,0.463957332545321,4.544032029267349,0.4653748550493234,4.517245216187923,0.46747802125120397,4.464781593587774,0.4716247794888213
16.916666666666668,4.571796899203681,0.46144350797726336,4.553587200309198,0.46286716437763314,4.526629175271034,0.4649828439453072,4.47384087508444,0.46915374580752583
17.0,4.581469694228534,0.45893355120467255,4.563142371351047,0.4603656549828805,4.536013134354145,0.46249375129233444,4.482900156581105,0.46668861238245013
17.083333333333332,4.591173241303844,0.4564274908366113,4.57278797006134,0.45786329976330525,4.545572667808251,0.4599969910341145,4.492290782728279,0.46420314562747705
17.166666666666668,4.600907825935964,0.4539253552901413,4.582433568771633,0.4553672257590729,4.5551322012623565,0.4575064201653564,4.501681408875453,0.4617236893322881
17.25,4.610673737454015,0.4514271727902142,4.592079167481926,0.45287747876205897,4.564691734716463,0.45502208432156727,4.511072035022626,0.4592502887973862
17.333333333333332,4.6204712690696095,0.4489329713695741,4.601817732579932,0.45038684633940723,4.574251268170569,0.45254402859359966,4.5204626611698,0.45678298879738516
17.416666666666668,4.630300717938015,0.44644277886866285,4.611556297677939,0.4479026413890382,4.583810801624674,0.4500722975277442,4.529853287316974,0.45432183358103084
17.5,4.64016238522069,0.4439566229355363,4.621294862775946,0.44542490887777475,4.59337033507878,0.4476069351258637,4.539243913464148,0.45186686687126454
17.583333333333332,4.650056576149318,0.4414745310257835,4.631129036160309,0.44294624672303545,4.6031154188807735,0.4451334617127471,4.548634539611322,0.44941813186532514
17.666666666666668,4.659983600091298,0.4389965304024547,4.640963209544673,0.44047415805598994,4.612860502682767,0.44266646693842393,4.558025165758496,0.4469756712348936
17.75,4.669943770616749,0.4365226481359977,4.650797382929037,0.4380086869996196,4.6226055864847595,0.4402059948115188,4.5674157919056695,0.4445395271262767
17.833333333333332,4.679937405567095,0.4340529111041967,4.660729914657788,0.43554223737909403,4.632350670286753,0.4377520887794665,4.576806418052843,0.44210974116063045
17.916666666666668,4.68996482712521,0.43158734599212145,4.670662446386539,0.43308250706198304,4.642095754088746,0.4353047917288164,4.586197044200016,0.4396863544342244
18.0,4.7000263618871845,0.4291259792920836,4.68059497811529,0.4306295393081342,4.65184083789074,0.4328641459855818,4.59558767034719,0.43726940751874477
18.083333333333332,4.710122340935795,0.42666883730359545,4.690628731738827,0.4281755392757337,4.661782274054737,0.4304149102796474,4.605348201754651,0.43482985319759304
18.166666666666668,4.72025309991562,0.4242159461333408,4.700662485362366,0.4257284042080477,4.6717237102187354,0.4279724417007291,4.615108733162113,0.43239687521185216
18.25,4.730418979109948,0.421767331695148,4.710696238985903,0.42328817648194145,4.681665146382732,0.4255367825560187,4.624869264569574,0.42997051570043815
18.333333333333332,4.74062032351944,0.41932301970997254,4.7208341972575445,0.420846857872964,4.69160658254673,0.4231079745747681,4.634629795977034,0.42755081624405883
18.416666666666668,4.750857482942619,0.41688303570588553,4.730972155529187,0.41841254978441744,4.701548018710728,0.4206860589088216,4.644390327384496,0.42513781786564897
18.5,4.761130812058274,0.4144474050180672,4.74111011380083,0.41598529368972437,4.711489454874726,0.4182710761331918,4.654150858791956,0.42273156103084736
18.583333333333332,4.771440670509724,0.4120161527888093,4.751355384792143,0.41355688311607813,4.721638954667791,0.4158469871464794,4.663911390199417,0.4203320856485158
18.666666666666668,4.781787422991105,0.4095893039675224,4.761600655783458,0.4111356285655536,4.731788454460857,0.413429953390296,4.6736719216068785,0.4179394310713014
18.75,4.7921714393356245,0.40716688331075174,4.771845926774772,0.40872157058699843,4.741937954253923,0.4110200153913644,4.683432453014339,0.4155536360962405
18.833333333333332,4.8025930946059425,0.4047489153821956,4.782201750425711,0.40630628943383845,4.752087454046988,0.4086172130814737,4.6931929844218,0.4131747389654035
18.916666666666668,4.813052769186625,0.40233542455273436,4.79255757407665,0.40389830980991265,4.762236953840055,0.4062215857982536,4.702953515829261,0.4108027773665818
19.0,4.82355084887879,0.39992643500046493,4.802913397727587,0.40149767131762537,4.7723864536331195,0.40383317228599447,4.712714047236722,0.40843778843401585
19.083333333333332,4.834087724997005,0.39752197071073947,4.813383152864573,0.39909573574136825,4.782756732937055,0.40143509704057573,4.7228896889601835,0.40604764164563506
19.166666666666668,4.84466379446846,0.3951220554762122,4.82385290800156,0.3967012472644024,4.793127012240991,0.3990443651800073,4.733065330683646,0.4036646358447387
19.25,4.855279459934481,0.3927267128968939,4.834322663138545,0.3943142445200145,4.803497291544925,0.39666101536609255,4.743240972407108,0.40128880971326025
19.333333333333332,4.865935129854497,0.39033596638020945,4.844909874997047,0.39192586544769464,4.813867570848861,0.3942850856484313,4.753416614130569,0.3989202013415809
19.416666666666668,4.87663121861244,0.3879498391410648,4.855497086855549,0.3895450791734708,4.824237850152796,0.3919166134654543,4.763592255854031,0.3965588482294355
19.5,4.887368146625736,0.3855683542019177,4.866084298714051,0.3871719233379572,4.834608129456732,0.38955563564550355,4.7737678975774935,0.3942047872868631
19.583333333333332,4.898146340456872,0.38319153439285747,4.876792647005957,0.3847973064678856,4.8452130181414494,0.3871843990687623,4.783943539300955,0.3918580548351999
19.666666666666668,4.908966232927685,0.3808194023516877,4.887500995297863,0.38243042829277024,4.855817906826168,0.3848207945823336,4.794119181024417,0.3895186866081182
19.75,4.919828263236372,0.378451980524019,4.898209343589769,0.3800713254360377,4.866422795510886,0.382464858892165,4.804294822747879,0.38718671775270774
19.833333333333332,4.930732877077397,0.376089291163363,4.9090426711600195,0.37771067123972224,4.877027684195603,0.38011662807442187,4.8144704644713405,0.38486218283060014
19.916666666666668,4.941680526764235,0.373731356331238,4.91987599873027,0.37535790190733864,4.887632572880323,0.37777613757680073,4.824646106194803,0.38254511581913664
20.0,4.9526716713551755,0.3713781978972771,4.930709326300521,0.37301305301956295,4.89823746156504,0.3754434222198901,4.834821747918264,0.3802355501125781
20.083333333333332,4.951175946499455,0.36995971070647665,4.929244430635869,0.37159282158343354,4.896817288585571,0.3740206987712329,4.833486314722746,0.3788082387863285
20.166666666666668,4.9496925830061755,0.3685466414586838,4.927779534971215,0.37017890140648907,4.895397115606102,0.37260424859600233,4.8321508815272285,0.3773871251958549
20.25,4.9482214282659305,0.3671389694599462,4.926314639306563,0.3687712615832021,4.893976942626633,0.3711940412440867,4.830815448331712,0.37597217977596603
20.333333333333332,4.946762332171096,0.36573667409535227,4.924885472804463,0.3673672024649154,4.892556769647164,0.3697900464249013,4.829480015136194,0.3745633731134618
20.416666666666668,4.945315147064791,0.36433973482872967,4.923456306302363,0.365969360876643,4.891136596667694,0.36839223400649834,4.828144581940676,0.3731606759463014
20.5,4.943879727691057,0.3629481312023448,4.922027139800263,0.36457770651402455,4.889716423688226,0.3670005740146822,4.826809148745157,0.3717640591627777
20.583333333333332,4.94245593114626,0.3615618428366021,4.920632411045201,0.3631896347763985,4.888363877993493,0.3656099473247269,4.8254737155496406,0.3703734938006946
20.666666666666668,4.9410436168316645,0.36018084942974676,4.919237682290139,0.3618076889398798,4.88701133229876,0.36422541100398426,4.824138282354123,0.3689889510465511
20.75,4.939642646407144,0.3588051307575672,4.917842953535077,0.3604318392826756,4.8856587866040275,0.362846935758352,4.822802849158605,0.3676104022347284
20.833333333333332,4.938252883746021,0.35743466667309814,4.916481432607518,0.35905957214898654,4.884306240909296,0.3614744924455409,4.821467415963088,0.36623781884668233
20.916666666666668,4.936874194890964,0.3560694371063261,4.915119911679958,0.3576933413062507,4.882953695214563,0.3601080520742388,4.8201319827675695,0.364871172510141
21.0,4.935506448010946,0.35470942206389616,4.913758390752398,0.3563331175975102,4.88160114951983,0.3587475858032778,4.818796549572052,0.36351043499830604
21.083333333333332,4.934149513359228,0.3533546016288177,4.912428905611368,0.3549764744231939,4.880311512927178,0.35738832474805005,4.817582519394308,0.36214630868488557
21.166666666666668,4.932803263232326,0.3520049559601737,4.9110994204703395,0.3536257798715907,4.879021876334526,0.3560349790645924,4.816368489216565,0.3607880314677283
21.25,4.93146757192995,0.3506604652928302,4.90976993532931,0.35228100533365975,4.877732239741874,0.35468752054604247,4.815154459038822,0.35943557592270275
21.333333333333332,4.930142315715874,0.3493211099371461,4.908471368447374,0.3509398075786124,4.876442603149222,0.35334592113021046,4.813940428861079,0.35808891476377896
21.416666666666668,4.928827372779727,0.34798687027868597,4.907172801565439,0.349604472647453,4.87515296655657,0.3520101528987903,4.812726398683335,0.356748020842292
21.5,4.927522623199675,0.3466577267779316,4.905874234683504,0.3482749724629052,4.8738633299639185,0.35068018807657614,4.811512368505591,0.3554128671462069
21.583333333333332,4.926227948905955,0.34533365996999676,4.904605519913796,0.3469490436643545,4.872632313216387,0.34935157896581964,4.810298338327848,0.354083426799389
21.666666666666668,4.924943233645265,0.3440146504643413,4.9033368051440895,0.34562889369181654,4.871401296468855,0.3480287175553606,4.809084308150104,0.35275967306087863
21.75,4.923668362945959,0.34270067894448825,4.902068090374382,0.34431449498434774,4.870170279721324,0.34671157666290303,4.807870277972361,0.35144157932416925
21.833333333333332,4.922403224084052,0.34139172616774016,4.900828210031259,0.3430036607302662,4.868939262973793,0.34540012924419583,4.806656247794618,0.3501291191164896
21.916666666666668,4.921147706049991,0.34008777296489723,4.899588329688134,0.3416985230405613,4.867708246226261,0.3440943483922889,4.805442217616875,0.3488222660980904
22.0,4.9199016995161875,0.3387888002399773,4.8983484493450105,0.34039905485586824,4.866477229478729,0.34279420733679317,4.804228187439131,0.3475209940615348
22.083333333333332,4.918665096805283,0.337494788969935,4.897136431481509,0.33910314275890324,4.865300924586643,0.3414955534001626,4.80311972510293,0.34621720551039303
22.166666666666668,4.917437791859122,0.33620572020438466,4.895924413618006,0.33781284663970207,4.864124619694557,0.34020248630003086,4.8020112627667295,0.34491894557590186
22.25,4.916219680208437,0.3349215750653218,4.894712395754504,0.33652813992636527,4.8629483148024715,0.33891497982139357,4.80090280043053,0.34362618873870227
22.333333333333332,4.915010658943205,0.3336423347468466,4.893527311621302,0.3352469795982623,4.8617720099103865,0.33763300788112643,4.799794338094329,0.34233890960554836
22.416666666666668,4.913810626683664,0.33236798051488897,4.8923422274881,0.33397135627837726,4.860595705018301,0.33635654452728203,4.798685875758128,0.3410570829086469
22.5,4.912619483551971,0.3310984937069342,4.8911571433548975,0.33270124386876476,4.859419400126215,0.3350855639383905,4.797577413421928,0.3397806835050014
22.583333333333332,4.911437131144496,0.32983385573174945,4.88999810502682,0.33143466689526224,4.858294238925089,0.3338161848401846,4.7964689510857275,0.338509686375759
22.666666666666668,4.910263472504724,0.32857404806911106,4.888839066698744,0.33017354952258215,4.857169077723964,0.3325522380582592,4.795360488749527,0.3372440666255615
22.75,4.909098412096742,0.3273190522695345,4.887680028370667,0.32891786611379087,4.856043916522839,0.3312936982924237,4.794252026413327,0.33598379948190005
22.833333333333332,4.907941855779333,0.3260688499540025,4.886546186527983,0.3276657060299675,4.854918755321712,0.33004054036862074,4.793143564077126,0.33472886029447235
22.916666666666668,4.906793710780595,0.3248234228136976,4.8854123446852995,0.3264189296496425,4.853793594120588,0.3287927392382601,4.792035101740925,0.33347922453454504
23.0,4.905653885673153,0.32358275260973307,4.884278502842615,0.32517751178448984,4.852668432919462,0.3275502699775569,4.790926639404725,0.3322348677943182
23.083333333333332,4.9045222903498775,0.32234682117288616,4.883169044695473,0.32393960405054445,4.851591150918384,0.3263095013566967,4.789910548929875,0.3309887082027781
23.166666666666668,4.903398836000152,0.3211156104033313,4.88205958654833,0.3227070055834192,4.850513868917307,0.32507401645854817,4.788894458455024,0.32974778117773973
23.25,4.902283435086625,0.3198891022703764,4.880950128401188,0.3214796916314986,4.849436586916229,0.323843790849531,4.7878783679801735,0.3285120629064104
23.333333333333332,4.901176001322483,0.31866727881219725,4.879864275746538,0.3202558736089476,4.848359304915151,0.3226188002168298,4.786862277505323,0.3272815296916678
23.416666666666668,4.900076449649186,0.3174501221355758,4.878778423091888,0.3190372918302385,4.847282022914074,0.32139902036776186,4.785846187030473,0.326056157951467
23.5,4.898984696214707,0.31623761441563725,4.8776925704372385,0.31782392196904957,4.846204740912997,0.32018442722915025,4.7848300965556225,0.32483592421824997
23.583333333333332,4.897900658352204,0.3150297378955893,4.876629577838476,0.31661403289732487,4.845172345661964,0.3189716202616377,4.783814006080771,0.323620805138358
23.666666666666668,4.896824254559156,0.3138264748864619,4.875566585239714,0.31540930841553944,4.8441399504109315,0.3177639539741613,4.782797915605921,0.3224107774714477
23.75,4.895755404476935,0.31262780776684934,4.874503592640951,0.3142097246117034,4.843107555159898,0.3165614047553669,4.781781825131071,0.3212058180899101
23.833333333333332,4.894694028870815,0.3114337189826499,4.873462745721329,0.31301360558513674,4.842075159908866,0.31536394910964,4.78076573465622,0.32000590397829237
23.916666666666668,4.893640049610379,0.31024419104681134,4.872421898801707,0.31182258082123243,4.841042764657833,0.3141715636565058,4.77974964418137,0.31881101223272335
24.0,4.892593389650366,0.30905920653907276,4.871381051882085,0.3106366268118007,4.840010369406801,0.3129842251300338,4.778733553706519,0.31762112006034193
24.083333333333332,4.8915539730118756,0.30787874810571075,4.870361665723693,0.30945412075698026,4.839020112737442,0.31179874611156144,4.777798750469657,0.3164300100701561
24.166666666666668,4.890521724763995,0.30670279845928466,4.8693422795653,0.30827663992375953,4.8380298560680846,0.31061826994164843,4.776863947232794,0.3152438580091476
24.25,4.88949657100579,0.305531340378384,4.8683228934069085,0.30710416119762507,4.837039599398726,0.30944277379020374,4.775929143995931,0.314062641603159
24.333333333333332,4.8884784388486695,0.30436435670737505,4.867324311047667,0.3059351128511128,4.836049342729369,0.30827223493816347,4.774994340759069,0.31288633868453697
24.416666666666668,4.887467256399104,0.3032018303561512,4.866325728688426,0.3047710219328525,4.835059086060011,0.3071066307769213,4.774059537522207,0.31171492719159627
24.5,4.886462952741714,0.3020437442998814,4.865327146329185,0.3036118657122696,4.834068829390653,0.30594593880776133,4.773124734285345,0.31054838516808464
24.583333333333332,4.885465457922679,0.30089008157876146,4.864348737350937,0.30245612159866697,4.833118182988069,0.3047871687544998,4.772189931048483,0.3093866907626523
24.666666666666668,4.8844747029335025,0.2997408252977656,4.8633703283726915,0.3013052683309788,4.832167536585486,0.3036332686215051,4.77125512781162,0.30822982222832274
24.75,4.883490619695094,0.298595958626399,4.862391919394444,0.300159283553199,4.831216890182902,0.3024842163220595,4.770320324574757,0.3070777579219677
24.833333333333332,4.882513141042178,0.29745546479845086,4.861433078595763,0.29901669196354924,4.8302662437803185,0.3013399898760456,4.769385521337894,0.30593047630378356
24.916666666666668,4.881542200708012,0.29631932711174996,4.86047423779708,0.2978789258134689,4.829315597377735,0.3002005674094037,4.768450718101032,0.3047879559367717
25.0,4.880577733309407,0.2951875289279187,4.859515396998399,0.2967459631124975,4.828364950975152,0.2990659271535929,4.76751591486417,0.303650175486221
25.083333333333332,4.879619674332053,0.29406005367213095,4.858575543146226,0.29561637408301605,4.82745158482365,0.29793326141947424,4.766653019568604,0.3025116572948684
25.166666666666668,4.878667960116142,0.2929368848328674,4.857635689294053,0.29449154622931834,4.826538218672148,0.29680533730041503,4.765790124273039,0.3013778413383441
25.25,4.877722527842246,0.2918180059616762,4.85669583544188,0.2933714579177979,4.825624852520646,0.29568213341794797,4.764927228977474,0.3002487067375311
25.333333333333332,4.876783315517525,0.2907034006729293,4.855774410096613,0.29225472320891943,4.824711486369145,0.29456362849604006,4.764064333681908,0.2991242327117124
25.416666666666668,4.875850261962143,0.289593052643585,4.8548529847513455,0.29114268652265735,4.823798120217643,0.2934498013605762,4.763201438386344,0.2980043985780826
25.5,4.874923306796014,0.2884869456129473,4.853931559406078,0.2900353265738818,4.822884754066141,0.2923406309388448,4.762338543090778,0.2968891837512632
25.583333333333332,4.874002390425755,0.28738506338242853,4.853028025815086,0.28893129964961606,4.822006517382005,0.29123347884790135,4.761475647795212,0.29577856774281897
25.666666666666668,4.873087454031928,0.28628738981531143,4.852124492224095,0.2878319086748804,4.821128280697868,0.29013094443446436,4.7606127524996475,0.2946725301607777
25.75,4.8721784395565,0.2851939088365144,4.851220958633103,0.28673713270494333,4.820250044013733,0.28903300699569123,4.759749857204082,0.29357105070915274
25.833333333333332,4.8712752896905975,0.2841046044323533,4.850334800688093,0.28564566871253033,4.8193718073295955,0.28793964592724763,4.758886961908517,0.2924741091874668
25.916666666666668,4.870377947862417,0.2830194606503099,4.849448642743083,0.28455877964742826,4.818493570645459,0.28685084072281436,4.758024066612951,0.29138168549027926
26.0,4.869486358225442,0.28193846159879654,4.848562484798072,0.2834764448975097,4.8176153339613235,0.28576657097359714,4.757161171317386,0.29029375960671594
26.083333333333332,4.868600465646852,0.28086159144692374,4.847693206052015,0.2823974006473675,4.8167702382841355,0.2846843554661174,4.756362194191863,0.289205489948958
26.166666666666668,4.867720215696148,0.2797888344242688,4.846823927305959,0.2813228713252171,4.815925142606948,0.28360663783267503,4.7555632170663396,0.2881216837288206
26.25,4.866845554634022,0.278720174820644,4.845954648559901,0.2802528366440119,4.81508004692976,0.28253339801568605,4.754764239940816,0.28704232133838986
26.333333333333332,4.865976429401403,0.2776555969858673,4.845101771299618,0.27918607058996814,4.814234951252572,0.2814646160523686,4.753965262815292,0.2859673832609396
26.416666666666668,4.865112787608737,0.2765950853295329,4.844248894039334,0.2781237604607064,4.813389855575384,0.2804002720742722,4.753166285689769,0.28489685007048554
26.5,4.86425457752546,0.2755386243207829,4.84339601677905,0.27706588628699585,4.812544759898197,0.279340346306809,4.752367308564246,0.28383070243134284
26.583333333333332,4.863401748069663,0.27448619848808004,4.842559081149801,0.2760112585067961,4.811730964060904,0.27828250359823725,4.7515683314387225,0.28276892109768476
26.666666666666668,4.862554248797965,0.27343779241898014,4.841722145520552,0.27496102861859845,4.810917168223612,0.2772290428801719,4.750769354313198,0.2817114869131042
26.75,4.861712029895561,0.27239339075990826,4.840885209891303,0.2739151769639677,4.810103372386321,0.2761799447119708,4.749970377187675,0.28065838081017774
26.833333333333332,4.860875042166464,0.271352978215932,4.840063773070002,0.2728725491400551,4.809289576549029,0.2751351897442901,4.749171400062151,0.2796095838100307
26.916666666666668,4.860043237023925,0.2703165395505386,4.839242336248701,0.2718342621211634,4.808475780711737,0.2740947587186341,4.748372422936628,0.27856507702190586
27.0,4.859216566481032,0.2692840595854115,4.838420899427401,0.27080029655286836,4.807661984874445,0.27305863246690776,4.7475734458111045,0.27752484164273383
27.083333333333332,4.858394983141479,0.268255523200208,4.837614534841354,0.26976953195342634,4.8068777816130535,0.2720246117185544,4.7468315384802615,0.276484585466578
27.166666666666668,4.857578440190511,0.26723091533233806,4.836808170255306,0.2687430519941837,4.806093578351663,0.2709948608002769,4.746089631149418,0.2754485691147374
27.25,4.856766891386032,0.26621022097674313,4.836001805669259,0.2677208376181654,4.805309375090272,0.2699693608619191,4.745347723818575,0.2744167741428565
27.333333333333332,4.8559602910498745,0.26519342518567707,4.835210102257504,0.2667018010784188,4.804525171828882,0.26894809314130635,4.744605816487732,0.27338918219131114
27.416666666666668,4.855158594059226,0.2641805130684869,4.834418398845748,0.26568699391350814,4.8037409685674906,0.2679310389638152,4.743863909156889,0.27236577498480113
27.5,4.8543617558382195,0.263171469791395,4.833626695433992,0.2646763973575601,4.8029567653061,0.2669181797419445,4.743122001826046,0.2713465343319435
27.583333333333332,4.853569732349662,0.2621662805772817,4.832849256948575,0.263668955261328,4.802200569304046,0.26590744274269335,4.742380094495202,0.27033144212486915
27.666666666666668,4.85278248008694,0.2611649307054685,4.832071818463157,0.2626656881522131,4.80144437330199,0.2649008669548086,4.741638187164359,0.26932048033882056
27.75,4.851999956066037,0.2601674055115032,4.83129437997774,0.2616665775492993,4.800688177299936,0.26389843409386,4.740896279833516,0.26831363103175204
27.833333333333332,4.851222117817717,0.2591736903869445,4.830530824322418,0.26067059781079494,4.799931981297881,0.26290012596025525,4.740154372502673,0.26731087634393186
27.916666666666668,4.850448923379832,0.25818377077914867,4.829767268667098,0.25967873952836,4.799175785295827,0.26190592443882715,4.739412465171829,0.26631219849754634
28.0,4.84968033128979,0.25719763219105635,4.829003713011777,0.25869098450008704,4.798419589293772,0.26091581149842313,4.738670557840986,0.2653175797963058
28.083333333333332,4.848916300577139,0.25621526018097907,4.828253671615842,0.2577063365459585,4.797689926484771,0.25992783235671824,4.737979816532959,0.2643232045046677
28.166666666666668,4.848156790756279,0.25523664036238963,4.8275036302199075,0.25672575735334624,4.796960263675771,0.25894390918185634,4.7372890752249335,0.2633328591584215
28.25,4.8474017618193175,0.25426175840371,4.826753588823974,0.2557492289935882,4.79623060086677,0.25796402423192055,4.736598333916906,0.2623465263825147
28.333333333333332,4.846651174229044,0.2532906000281023,4.826016706049021,0.25477578374519605,4.79550093805777,0.2569881598468479,4.73590759260888,0.26136418888081625
28.416666666666668,4.845904988912028,0.25232315101325886,4.825279823274068,0.2538063553808397,4.7947712752487694,0.25601629844803353,4.735216851300854,0.26038582943574173
28.5,4.845163167251836,0.25135939719119504,4.824542940499115,0.25284092623951804,4.794041612439768,0.25504842253793786,4.734526109992828,0.25941143090788055
28.583333333333332,4.844425671082375,0.2503993244480404,4.82381887307677,0.251878556095444,4.793337110417285,0.25408268738341705,4.733835368684802,0.25844097623562395
28.666666666666668,4.843692462681338,0.24944291872383353,4.823094805654423,0.25092015175629284,4.792632608394802,0.25312090617029515,4.733144627376776,0.25747444843479533
28.75,4.842963504763788,0.24849016601231455,4.822370738232078,0.2499656958233104,4.7919281063723185,0.25216306167737035,4.7324538860687495,0.2565118305982835
28.833333333333332,4.84223876047582,0.24754105236072146,4.821659154730808,0.24901427464209341,4.7912236043498355,0.2512091367624593,4.7317631447607225,0.2555531058956756
28.916666666666668,4.841518193388357,0.2465955638695848,4.820947571229536,0.2480667689670287,4.790519102327353,0.25025911436201775,4.731072403452697,0.25459825757289356
29.0,4.840801767491052,0.24565368669252458,4.820235987728266,0.24712316165635823,4.789814600304869,0.24931297749076284,4.73038166214467,0.25364726895183193
29.083333333333332,4.840089447186283,0.24471540703604713,4.81953656804753,0.24618256473945294,4.789133979706876,0.2483689841849784,4.729736970257179,0.25269673911408086
29.166666666666668,4.839381197283255,0.24378071115934363,4.818837148366793,0.2452458337928921,4.788453359108884,0.24742884587030411,4.729092278369688,0.2517500418389166
29.25,4.838676982992209,0.24284958537408857,4.818137728686057,0.24431295192681998,4.787772738510891,0.2464925458257514,4.728447586482196,0.25080716073749737
29.333333333333332,4.837976769918726,0.24192201604423894,4.817450163576181,0.24338305600177368,4.7870921179128985,0.24556006740665273,4.727802894594705,0.24986807949464965
29.416666666666668,4.837280524058124,0.24099798958583526,4.816762598466305,0.2424569772574617,4.786411497314906,0.24463139404429726,4.727158202707214,0.24893278186852225
29.5,4.836588211789954,0.2400774924668022,4.816075033356429,0.24153469905098604,4.785730876716913,0.24370650924556866,4.726513510819722,0.24800125169024226
29.583333333333332,4.8358997998725926,0.2391605112067503,4.815399023962685,0.24061538225483006,4.785072943472188,0.24278376710129307,4.725868818932231,0.24707347286357229
29.666666666666668,4.835215255437913,0.23824703237677888,4.8147230145689415,0.23969983457981417,4.7844150102274625,0.24186478393915756,4.725224127044739,0.2461494293645697
29.75,4.83453454598606,0.23733704259927954,4.814047005175198,0.23878803962519723,4.783757076982736,0.2409495435190747,4.724579435157248,0.24522910524124747
29.833333333333332,4.833857639380308,0.23643052854773935,4.813382262604683,0.23787918148804885,4.783099143738012,0.24003802967470877,4.723934743269757,0.2443124846132366
29.916666666666668,4.833184503841995,0.23552747694654683,4.812717520034168,0.23697404512683556,4.782441210493285,0.2391302263131267,4.723290051382265,0.24339955167145003
30.0,4.832515107945563,0.23462787457079665,4.812052777463653,0.23607261437831073,4.78178327724856,0.23822611741444913,4.7226453594947735,0.24249029067774874
30.083333333333332,4.831849420613654,0.23373170824609635,4.811399022373643,0.23517409580718157,4.781146915585628,0.23732414692311882,4.722042260632282,0.24158166313862425
30.166666666666668,4.8311874111123085,0.23283896484837346,4.810745267283633,0.2342792523660743,4.780510553922697,0.23642584222155943,4.72143916176979,0.24067668220801605
30.25,4.8305290490462305,0.23194963130368337,4.8100915121936225,0.2333880681247063,4.779874192259765,0.23553118753236651,4.720836062907298,0.23977533240958368
30.333333333333332,4.829874304354143,0.23106369458801712,4.80944847440017,0.2324997713875142,4.779237830596833,0.23464016714943842,4.720232964044806,0.23887759833588346
30.416666666666668,4.829223147304205,0.23018114172711168,4.808805436606718,0.23161510381912848,4.778601468933902,0.2337527654376399,4.7196298651823145,0.23798346464804843
30.5,4.82857554848951,0.22930195979625964,4.808162398813265,0.2307340497178269,4.77796510727097,0.23286896683246824,4.719026766319823,0.23709291607547076
30.583333333333332,4.827931478823672,0.22842613592011912,4.807529816918894,0.22985585842760753,4.777349273403616,0.2319872993993606,4.718423667457331,0.23620593741548407
30.666666666666668,4.82729090953645,0.2275536572725267,4.806897235024521,0.22898125101556227,4.7767334395362635,0.23110920726380033,4.717820568594839,0.23532251353304867
30.75,4.826653812169486,0.22668451107630827,4.806264653130149,0.22811021200424805,4.77611760566891,0.23023467509385576,4.717217469732347,0.23444262936043794
30.833333333333332,4.826020158572071,0.22581868460309265,4.805642274169557,0.22724201110356237,4.775501771801557,0.22936368762656079,4.716614370869856,0.23356626989692567
30.916666666666668,4.825389920897017,0.22495616517312456,4.805019895208965,0.22637734944734506,4.774885937934204,0.2284962296675919,4.716011272007363,0.2326934202084757
31.0,4.824763071596558,0.22409694015508,4.804397516248373,0.2255162117782685,4.774270104066851,0.22763228609094605,4.715408173144872,0.2318240654274325
31.083333333333332,4.8241395834183525,0.2232409969658801,4.8037850953511505,0.22465788752380375,4.774270104066851,0.2267284369430079,4.715408173144872,0.23091489864180245
