asset_id,call_date,call_price,source
TNTD04115619,2010-02-15,100.0,"URS master col AB; provisional par-call convention (Mario v1, 2026-07-03); NOT Bloomberg-confirmed"
TNTD04441873,2014-08-16,100.0,"URS master col AB; provisional par-call convention (Mario v1, 2026-07-03); NOT Bloomberg-confirmed"
TNTG701850W,2009-12-18,100.0,"URS master col AB; provisional par-call convention (Mario v1, 2026-07-03); NOT Bloomberg-confirmed"
TNTD03009115,2010-02-03,100.0,"URS master col AB; provisional par-call convention, agency Bermudan (2026-07-22); NOT Bloomberg-confirmed"
TNTD04551105,2010-05-12,100.0,"URS master col AB; provisional par-call convention, agency Bermudan (2026-07-22); NOT Bloomberg-confirmed"
TNTD04644594,2015-11-23,100.0,"URS master col AB; provisional par-call convention, agency Bermudan (2026-07-22); NOT Bloomberg-confirmed"
TNTD04914207,2011-11-15,100.0,"URS master col AB; provisional par-call convention, agency Bermudan (2026-07-22); NOT Bloomberg-confirmed"
TNTD04719669,2016-04-18,100.0,"URS master col AB; provisional par-call convention, agency Bermudan (2026-07-22); NOT Bloomberg-confirmed"
TNTD04920858,2011-12-02,100.0,"URS master col AB; provisional par-call convention; NOT Bloomberg-confirmed. Seeded 2026-08-31 so the driver reaches the TRUE blocker (the call date falls inside the final coupon period, so the model grid has no exercise node) instead of reporting a fabricated 'no schedule data' gap. It is NOT here to make the bond price."
