cusip,request_group
31282YDW6,tranche-unpriced
31282YWS4,tranche-unpriced
313399AJ6,tranche-unpriced
313399C47,tranche-unpriced
313399HV2,tranche-unpriced
313399SN8,tranche-unpriced
313399XK8,tranche-unpriced
31339DQX9,tranche-unpriced
31339DW95,tranche-unpriced
31339LWR7,tranche-unpriced
31339MTG3,tranche-unpriced
31339NHX7,tranche-unpriced
31339NLX2,tranche-unpriced
31339NTA4,tranche-unpriced
31339NVN3,tranche-unpriced
31339NW36,tranche-unpriced
3133T1W81,tranche-unpriced
3133T5MR1,tranche-unpriced
3133TGCG2,tranche-unpriced
3133TPUR8,tranche-unpriced
3133TQ5B9,tranche-unpriced
3133TSNX7,tranche-unpriced
3133TVET9,tranche-unpriced
31358TWE5,tranche-unpriced
31359E4Z1,tranche-unpriced
31359EC74,tranche-unpriced
31359G5C6,tranche-unpriced
31359T5E4,tranche-unpriced
31359XHE2,tranche-unpriced
313602S21,tranche-unpriced
31364HUJ4,tranche-unpriced
3136FA2L3,tranche-unpriced
3136FAWE6,tranche-unpriced
3136FCG91,tranche-unpriced
3136FCZH2,tranche-unpriced
3136FGCE5,tranche-unpriced
313920QL7,tranche-unpriced
31392A4V7,tranche-unpriced
31392B4F0,tranche-unpriced
31392B4N3,tranche-unpriced
31392D2A9,tranche-unpriced
31392EPW4,tranche-unpriced
31392FPZ4,tranche-unpriced
31392HH22,tranche-unpriced
31392MLE0,tranche-unpriced
31392MN99,tranche-unpriced
31392MQP0,tranche-unpriced
31392P4S1,tranche-unpriced
31392PPG4,tranche-unpriced
31392R3H2,tranche-unpriced
31392T4D6,tranche-unpriced
31392XA81,tranche-unpriced
31392XAZ1,tranche-unpriced
31392XEV6,tranche-unpriced
31393A5Z6,tranche-unpriced
31393BFA8,tranche-unpriced
31393BFR1,tranche-unpriced
31393BFS9,tranche-unpriced
31393CCD3,tranche-unpriced
31393CV67,tranche-unpriced
31393CVP5,tranche-unpriced
31393DFM8,tranche-unpriced
31393DN80,tranche-unpriced
31393DXG1,tranche-unpriced
31393EKS7,tranche-unpriced
31393EQX0,tranche-unpriced
31393ERS0,tranche-unpriced
31393HJA1,tranche-unpriced
31393HP63,tranche-unpriced
31393JPS1,tranche-unpriced
31393KSG1,tranche-unpriced
31393LFM0,tranche-unpriced
31393MFR7,tranche-unpriced
31393NDD8,tranche-unpriced
31393NU72,tranche-unpriced
31393PWD2,tranche-unpriced
31393PWH3,tranche-unpriced
31393PZN7,tranche-unpriced
31393QQP0,tranche-unpriced
31393QX31,tranche-unpriced
31393QYK2,tranche-unpriced
31393RMZ0,tranche-unpriced
31393RVZ0,tranche-unpriced
31393T4W3,tranche-unpriced
31393THN9,tranche-unpriced
31393U4Q3,tranche-unpriced
31393U7F4,tranche-unpriced
31393UN25,tranche-unpriced
31393UPM9,tranche-unpriced
31393UQ89,tranche-unpriced
31393UVB6,tranche-unpriced
31393UWF6,tranche-unpriced
31393UZ48,tranche-unpriced
31393V2H3,tranche-unpriced
31393VHU8,tranche-unpriced
31393VYG0,tranche-unpriced
31393VYH8,tranche-unpriced
31393W3X5,tranche-unpriced
31393W4L0,tranche-unpriced
31393WCC1,tranche-unpriced
31393WEY1,tranche-unpriced
31393X4N4,tranche-unpriced
31393X5J2,tranche-unpriced
31393X5V5,tranche-unpriced
31393XDD6,tranche-unpriced
31393XHW0,tranche-unpriced
31393XN60,tranche-unpriced
31393XRC3,tranche-unpriced
31393XRE9,tranche-unpriced
31393YE92,tranche-unpriced
31393YR72,tranche-unpriced
31393YT96,tranche-unpriced
31394ABD7,tranche-unpriced
31394AP26,tranche-unpriced
31394ATX4,tranche-unpriced
31394AVD5,tranche-unpriced
31394AWY8,tranche-unpriced
31394B4Y7,tranche-unpriced
31394BGL2,tranche-unpriced
31394BGP3,tranche-unpriced
31394CRR5,tranche-unpriced
31394D6N5,tranche-unpriced
31394DGY0,tranche-unpriced
31394DXU9,tranche-unpriced
31394E7B8,tranche-unpriced
31394EKR8,tranche-unpriced
31394FN50,tranche-unpriced
31394G2X0,tranche-unpriced
31394HA92,tranche-unpriced
31394HL58,tranche-unpriced
31394HPL9,tranche-unpriced
31394HUK5,tranche-unpriced
31394HUL3,tranche-unpriced
31394J2U0,tranche-unpriced
31394KLQ5,tranche-unpriced
31394KM50,tranche-unpriced
31394KNJ9,tranche-unpriced
31394KRX4,tranche-unpriced
31394KTA2,tranche-unpriced
31394KZD9,tranche-unpriced
31394L4L3,tranche-unpriced
31394LHT2,tranche-unpriced
31394LSU7,tranche-unpriced
31394M3R9,tranche-unpriced
31394M3S7,tranche-unpriced
31394MJL5,tranche-unpriced
31394MNW6,tranche-unpriced
31394MYB0,tranche-unpriced
31394NGW2,tranche-unpriced
31394NLZ9,tranche-unpriced
31394NN53,tranche-unpriced
31394PKU6,tranche-unpriced
31394PNM1,tranche-unpriced
31394PNR0,tranche-unpriced
31394PQF3,tranche-unpriced
31394PR70,tranche-unpriced
31394PRU9,tranche-unpriced
31394RSS9,tranche-unpriced
31394T2P9,tranche-unpriced
31394TNS0,tranche-unpriced
31394UGR7,tranche-unpriced
31394UQ21,tranche-unpriced
31394US45,tranche-unpriced
31394US52,tranche-unpriced
31394US60,tranche-unpriced
31394UYF3,tranche-unpriced
31394UZE5,tranche-unpriced
31394V4X5,tranche-unpriced
31394VRP7,tranche-unpriced
31394VTC4,tranche-unpriced
31394WJS8,tranche-unpriced
31394WRL4,tranche-unpriced
31394WU71,tranche-unpriced
31394WYM4,tranche-unpriced
31394XPN0,tranche-unpriced
31394YQR8,tranche-unpriced
31395B4J9,tranche-unpriced
31395BA52,tranche-unpriced
31395BVH3,tranche-unpriced
31395CRQ6,tranche-unpriced
31395CXN6,tranche-unpriced
31395CYD7,tranche-unpriced
31395CZ79,tranche-unpriced
31395DTS8,tranche-unpriced
31395DUD9,tranche-unpriced
31395DVV8,tranche-unpriced
31395ELC9,tranche-unpriced
31395EPV3,tranche-unpriced
31395F2V5,tranche-unpriced
31395FCG7,tranche-unpriced
31395FCK8,tranche-unpriced
31395FEZ3,tranche-unpriced
31395G5R9,tranche-unpriced
31395JRU2,tranche-unpriced
31395KWL3,tranche-unpriced
31395LCC3,tranche-unpriced
31395MCQ0,tranche-unpriced
31395MCX5,tranche-unpriced
31395NBC0,tranche-unpriced
31395ND20,tranche-unpriced
31395NE29,tranche-unpriced
31395NJD0,tranche-unpriced
31395NW45,tranche-unpriced
31395NWL7,tranche-unpriced
31395TD27,tranche-unpriced
31395TDR2,tranche-unpriced
31395TNQ3,tranche-unpriced
31395UBN0,tranche-unpriced
31395VFP9,tranche-unpriced
31395WPC5,tranche-unpriced
31395WPZ4,tranche-unpriced
31396AAM6,tranche-unpriced
31396CJR2,tranche-unpriced
31396ERD0,tranche-unpriced
31396EUC8,tranche-unpriced
31396FF32,tranche-unpriced
31396FFT5,tranche-unpriced
31396FKP7,tranche-unpriced
31396FWV1,tranche-unpriced
31396GKK6,tranche-unpriced
31396HQZ5,tranche-unpriced
31396HUN7,tranche-unpriced
31396HVU0,tranche-unpriced
31396J5T8,tranche-unpriced
31396KAA0,tranche-unpriced
31396KGX4,tranche-unpriced
31396KHT2,tranche-unpriced
31396KJK9,tranche-unpriced
31396KU42,tranche-unpriced
31396L5D8,tranche-unpriced
31396LM80,tranche-unpriced
31396LQW3,tranche-unpriced
31396LSR2,tranche-unpriced
31396LU57,tranche-unpriced
31396LVP2,tranche-unpriced
31396N7B6,tranche-unpriced
31396NSL1,tranche-unpriced
31396NWU6,tranche-unpriced
31396PC33,tranche-unpriced
31396PE72,tranche-unpriced
31396PRZ6,tranche-unpriced
31396PXT3,tranche-unpriced
31396PXY2,tranche-unpriced
31396RDA2,tranche-unpriced
31396RJA6,tranche-unpriced
31396UAZ3,tranche-unpriced
31396UCL2,tranche-unpriced
31396UFA3,tranche-unpriced
31396UJG6,tranche-unpriced
31396VGT9,tranche-unpriced
31396VK31,tranche-unpriced
31396VYE2,tranche-unpriced
31396WFF8,tranche-unpriced
31396X6G4,tranche-unpriced
31396XDP6,tranche-unpriced
31396XF25,tranche-unpriced
31396XJY1,tranche-unpriced
31396XJZ8,tranche-unpriced
31396XKA1,tranche-unpriced
31396XUU6,tranche-unpriced
31396Y4G4,tranche-unpriced
31396YBP6,tranche-unpriced
31396YTG7,tranche-unpriced
31396YWZ1,tranche-unpriced
31397ANU3,tranche-unpriced
31397BAA9,tranche-unpriced
31397BHE4,tranche-unpriced
31397BND9,tranche-unpriced
31397BYN5,tranche-unpriced
31397CYD5,tranche-unpriced
31397ELL7,tranche-unpriced
31397F6H0,tranche-unpriced
31397FDQ2,tranche-unpriced
31397FR79,tranche-unpriced
31397FSC7,tranche-unpriced
31397HCU0,tranche-unpriced
31397HVS4,tranche-unpriced
31397J5M2,tranche-unpriced
31397JYA6,tranche-unpriced
31397KER8,tranche-unpriced
31397LC23,tranche-unpriced
31397LQB8,tranche-unpriced
31397LYN3,tranche-unpriced
31397M5Z6,tranche-unpriced
31397PP87,tranche-unpriced
31397RTS5,tranche-unpriced
31397T4Y5,tranche-unpriced
31397YPL9,tranche-unpriced
383739CN7,tranche-unpriced
38373MJZ4,tranche-unpriced
38373QGB1,tranche-unpriced
38373QXW6,tranche-unpriced
38373QXZ9,tranche-unpriced
38373SQC4,tranche-unpriced
38373TQD0,tranche-unpriced
38373VL99,tranche-unpriced
38373W7Q5,tranche-unpriced
38373WQH4,tranche-unpriced
38373WXT0,tranche-unpriced
38373X3K0,tranche-unpriced
38373XDM5,tranche-unpriced
38373YN67,tranche-unpriced
38373YNN0,tranche-unpriced
38373YVR2,tranche-unpriced
383742YT4,tranche-unpriced
38374BKX0,tranche-unpriced
38374CNT4,tranche-unpriced
38374D2P3,tranche-unpriced
38374D3F4,tranche-unpriced
38374D7B9,tranche-unpriced
38374EBQ9,tranche-unpriced
38374EZ91,tranche-unpriced
38374FNV2,tranche-unpriced
38374GDC3,tranche-unpriced
38374GUX8,tranche-unpriced
38374H2D1,tranche-unpriced
38374HVR8,tranche-unpriced
38374HVS6,tranche-unpriced
38374HYZ7,tranche-unpriced
38374KTF0,tranche-unpriced
38374LNG2,tranche-unpriced
38374LZ46,tranche-unpriced
38374MBR9,tranche-unpriced
38374MM63,tranche-unpriced
38374MME6,tranche-unpriced
38374NGB7,tranche-unpriced
38374NXS1,tranche-unpriced
38375DBZ0,tranche-unpriced
38375J8N8,tranche-unpriced
38375JJ55,tranche-unpriced
38375JTD7,tranche-unpriced
38375JTE5,tranche-unpriced
38375KE99,tranche-unpriced
38375LAQ3,tranche-unpriced
38375LSY7,tranche-unpriced
38375LUK4,tranche-unpriced
38375LZR4,tranche-unpriced
38375PR78,tranche-unpriced
38375QKS7,tranche-unpriced
38375XHK3,tranche-unpriced
38375XML5,tranche-unpriced
38375Y5V0,tranche-unpriced
3837H16W6,tranche-unpriced
3837H4AM7,tranche-unpriced
3128JNXP5,arm-pool-unpriced
3128JPK82,arm-pool-unpriced
3128LUJ31,arm-pool-unpriced
3128NFGD3,arm-pool-unpriced
3128QPK35,arm-pool-unpriced
3128QPSS2,arm-pool-unpriced
31349TV99,arm-pool-unpriced
31403JD45,arm-pool-unpriced
31404GNT4,arm-pool-unpriced
31405MB71,arm-pool-unpriced
31405MUZ8,arm-pool-unpriced
31409JPF1,arm-pool-unpriced
31402CZR6,validation-pool
31410KQJ6,validation-pool
31410KRX4,validation-pool
31401KR49,validation-pool
31410GJB0,validation-pool
3128M6Q92,validation-pool
36241KNL8,validation-pool
3128L7UY1,validation-pool
31402BGQ1,validation-pool
31416BZ68,validation-pool
31402RJL4,validation-pool
31410GQ55,validation-pool
31402RH28,validation-pool
31403DWU9,validation-pool
312962EA7,validation-pool
31415RFH2,validation-pool
3128M6UU0,validation-pool
31411SNF9,validation-pool
31410EPE2,validation-pool
3128NGF75,validation-pool
